mp_dm_dev,0,0,,0.45,205,542,0,0,0.004,RUSF,SAS,SAS,SABF,FIVE,SIX,FREE,,,,,image_mp_map_templogo,,0,0,,DXR_ON,,1,0,500,2500,1,,0.18,-0.02,1,1,1,1,1,12000,2000,4000,15000,2000,,0,0,0,0,0,0,0,0,0
mp_action_park,0,0,,0.45,205,542,0,0,0.004,RUSF,SAS,SAS,SABF,FIVE,SIX,FREE,,,,,image_mp_map_templogo,,0,0,,DXR_ON,,1,0,700,3500,1,,0.06,-0.02,1,1,1,1,1,12000,2000,4000,15000,2000,,0,0,0,0,0,0,0,0,0
mp_agentperf,0,0,,0.45,205,542,0,0,0.004,RUSF,SAS,SAS,SABF,FIVE,SIX,FREE,,,,,image_mp_map_templogo,,0,0,,DXR_ON,,1,0,700,3500,1,,0.06,-0.02,1,1,1,1,1,12000,2000,4000,15000,2000,,0,0,0,0,0,0,0,0,0
mp_arn_zone1,0,0,,0.45,205,542,0,0,0.004,ICORPS,SAS,SAS,ZVIR,ICORPS,GRP9,FREE,,,,,loading_mp_embassy_bg_preview,loading_mp_embassy_bg,0,0,,DXR_ON,,0,0,700,3500,1,,0.06,-0.02,1,1,1,1,1,12000,2000,4000,15000,2000,,0,0,0,0,0,0,0,0,0
mp_backstab,0,0,,0.45,205,542,0,0,0.004,RUSF,SAS,SAS,SABF,FIVE,SIX,FREE,,,,,image_mp_map_templogo,,0,0,,DXR_ON,,1,0,700,3500,1,,0.06,-0.02,1,1,1,1,1,12000,2000,4000,15000,2000,,0,0,0,0,0,0,0,0,0
mp_bio_lab,0,0,,0.45,205,542,0,0,0.004,RUSF,SAS,SAS,SABF,FIVE,SIX,FREE,,,,,loading_mp_bio_lab_bg_preview,loading_mp_bio_lab_bg,0,0,,DXR_ON,,1,0,700,3500,1,,0.06,-0.02,1,1,1,1,1,12000,2000,4000,15000,2000,,0,0,0,0,0,0,0,0,0
mp_biobunker,0,0,,0.45,205,542,0,0,0.004,RUSF,SAS,SAS,SABF,FIVE,SIX,FREE,,,,,loading_mp_biobunker_bg_preview,loading_mp_biobunker_bg,0,0,,DXR_ON,,1,0,700,3500,1,,0.06,-0.02,1,1,1,1,1,12000,2000,4000,15000,2000,,0,0,0,0,0,0,0,0,0
mp_bit_farm,0,0,,0.45,205,542,0,0,0.004,RUSF,SAS,SAS,SABF,FIVE,SIX,FREE,,,,,image_mp_map_templogo,,0,0,,DXR_ON,,0,0,700,3500,1,,0.06,-0.02,1,1,1,1,1,12000,2000,4000,15000,2000,,0,0,0,0,0,0,0,0,0
mp_bounty,0,0,,0.45,205,542,0,0,0.004,RUSF,SAS,SAS,SABF,FIVE,SIX,FREE,,,,,loading_mp_bounty_bg_preview,loading_mp_bounty_bg,0,0,,DXR_ON,,0,0,700,3500,1,,0.06,-0.02,1,1,1,1,1,12000,2000,4000,15000,2000,,0,0,0,0,0,0,0,0,0
mp_bsptransition,0,0,,0.45,205,542,0,0,0.004,RUSF,SAS,SAS,SABF,FIVE,SIX,FREE,,,,,image_mp_map_templogo,,0,0,,DXR_ON,,0,0,700,3500,1,,0.06,-0.02,1,1,1,1,1,12000,2000,4000,15000,2000,,0,0,0,0,0,0,0,0,0
mp_catedral,0,0,,0.45,205,542,0,0,0.004,ICORPS,USMC,SAS,ZVIR,ICORPS,GRP9,FREE,,,,,loading_mp_catedral_bg_preview,loading_mp_catedral_bg,0,0,,DXR_ON,,0,0,700,3500,1,,0.06,-0.02,1,1,1,1,1,12000,2000,4000,15000,2000,,0,0,0,0,0,0,0,0,0
mp_caves_afghan,0,0,,0.45,205,542,0,0,0.004,RUSF,SAS,SAS,SABF,FIVE,SIX,FREE,,,,,image_mp_map_templogo,,0,0,,DXR_ON,,1,0,700,3500,1,,0.06,-0.02,1,1,1,1,1,12000,2000,4000,15000,2000,,0,0,0,0,0,0,0,0,0
mp_crossing,0,0,,0.45,205,542,0,0,0.004,ZVIR,USMC,SAS,ZVIR,ICORPS,GRP9,FREE,,,,,loading_mp_crossing_bg_preview,loading_mp_crossing_bg,0,0,,DXR_ON,,0,0,700,3500,1,,0.06,-0.02,1,1,1,1,1,12000,2000,4000,15000,2000,,0,0,0,0,0,0,0,0,0
mp_cruce,0,0,,0.45,205,542,0,0,0.004,RUSF,SAS,SAS,SABF,FIVE,SIX,FREE,,,,,image_mp_map_templogo,,0,0,,DXR_ON,,1,0,700,3500,1,,0.06,-0.02,1,1,1,1,1,12000,2000,4000,15000,2000,,0,0,0,0,0,0,0,0,0
mp_crypto,0,0,,0.45,205,542,0,0,0.004,RUSF,SAS,SAS,SABF,FIVE,SIX,FREE,,,,,image_mp_map_templogo,,0,0,,DXR_ON,,1,0,700,3500,1,,0.06,-0.02,1,1,1,1,1,12000,2000,4000,15000,2000,,0,0,0,0,0,0,0,0,0
mp_davos,0,0,,0.45,205,542,0,0,0.004,RUSF,SAS,SAS,SABF,FIVE,SIX,FREE,,,,,loading_mp_davos_bg_preview,loading_mp_davos_bg,0,0,,DXR_ON,,0,0,700,3500,1,,0.06,-0.02,1,1,1,1,1,12000,2000,4000,15000,2000,,0,0,0,0,0,0,0,0,0
mp_dogtown,0,0,,0.45,205,542,0,0,0.004,RUSF,SAS,SAS,SABF,FIVE,SIX,FREE,,,,,loading_mp_dtown_gw_bg_preview,loading_mp_dtown_gw_bg,0,0,,DXR_ON,,1,0,700,3500,1,,0.06,-0.02,1,1,1,1,1,12000,2000,4000,15000,2000,,0,0,0,0,0,0,0,0,0
mp_egypt,0,0,,0.45,205,542,0,0,0.004,ICORPS,SAS,SAS,ZVIR,ICORPS,GRP9,FREE,,,,,loading_mp_embassy_bg_preview,loading_mp_embassy_bg,0,0,,DXR_ON,,0,0,700,3500,1,,0.06,-0.02,1,1,1,1,1,12000,2000,4000,15000,2000,,0,0,0,0,0,0,0,0,0
mp_embassy,0,0,,0.45,205,542,0,0,0.004,ICORPS,SAS,SAS,ZVIR,ICORPS,GRP9,FREE,,,,,loading_mp_embassy_bg_preview,loading_mp_embassy_bg,0,0,,DXR_ON,,0,0,700,3500,1,,0.06,-0.02,1,1,1,1,1,12000,2000,4000,15000,2000,,0,0,0,0,0,0,0,0,0
mp_exhume,0,0,,0.45,205,542,0,0,0.004,RUSF,SAS,SAS,SABF,FIVE,SIX,FREE,,,,,image_mp_map_templogo,,0,0,,DXR_ON,,1,0,700,3500,1,,0.06,-0.02,1,1,1,1,1,12000,2000,4000,15000,2000,,0,0,0,0,0,0,0,0,0
mp_farm_18,0,0,,0.45,205,542,0,0,0.004,RUSF,GRP9,SAS,ZVIR,ICORPS,GRP9,FREE,,,,,loading_mp_farm_18_bg_preview,loading_mp_farm_18_bg,0,0,,DXR_ON,,0,0,700,3500,1,,0.06,-0.02,1,1,1,1,1,12000,2000,4000,15000,2000,,0,0,0,0,0,0,0,0,0
mp_favela,0,0,,0.6,205,542,0,-0.01,-0.008,SABF,SAS,SAS,RUSF,FIVE,SIX,FREE,1,,3000,5000,image_mp_map_templogo,loading_mp_fort_bg,0,0,,DXR_OFF,,1,0,1125,3500,1,,-0.01,-0.008,1,1,1,1,1,12000,2000,4000,15000,2000,,0,0,0,0,0,0,0,0,0
mp_favela2_gw,0,0,,0.6,205,542,0,-0.01,-0.008,SABF,SAS,SAS,RUSF,FIVE,SIX,FREE,1,,3000,5000,image_mp_map_templogo,loading_mp_fort_bg,0,0,,DXR_OFF,,1,0,1125,3500,1,,-0.01,-0.008,1,1,1,1,1,12000,2000,4000,15000,2000,,0,0,0,0,0,0,0,0,0
mp_firingrange,0,0,,,,,,,,RUSF,SAS,,,,,,,,,,image_mp_map_templogo,,0,0,,DXR_OFF,,1,0,,,1,,,,1,1,1,1,1,12000,2000,4000,15000,2000,,0,0,0,0,0,0,0,0,0
mp_floating_bay,0,0,,0.45,205,542,0,0,0.004,RUSF,SAS,SAS,SABF,FIVE,SIX,FREE,,,,,image_mp_map_templogo,,0,0,,DXR_ON,,1,0,700,3500,1,,0.06,-0.02,1,1,1,1,1,12000,2000,4000,15000,2000,,0,0,0,0,0,0,0,0,0
mp_fort,0,0,,0.45,205,542,0,0,0.004,RUSF,USMC,SAS,ZVIR,ICORPS,GRP9,FREE,,,,,loading_mp_fort_bg_preview,loading_mp_fort_bg,0,0,,DXR_ON,,0,0,700,3500,1,,0.06,-0.02,1,1,1,1,1,12000,2000,4000,15000,2000,,0,0,0,0,0,0,0,0,0
mp_fort_6v6_dev,0,0,,0.45,205,542,0,0,0.004,RUSF,SAS,SAS,SABF,FIVE,SIX,FREE,,,,,image_mp_map_templogo,,0,0,,DXR_ON,,1,0,700,3500,1,,0.06,-0.02,1,1,1,1,1,12000,2000,4000,15000,2000,,0,0,0,0,0,0,0,0,0
mp_futbol,0,0,,0.45,205,542,0,0,0.004,EASIMA,ALMAS,SAS,ZVIR,ICORPS,GRP9,FREE,,,,,loading_mp_futbol_bg_preview,loading_mp_futbol_bg,0,0,,DXR_ON,,1,0,700,3500,1,,0.06,-0.02,1,1,1,1,1,12000,2000,4000,15000,2000,,0,0,0,0,0,0,0,0,0
mp_hackney_yard,0,0,1,0.45,205,542,0,0.002,-0.01,SIX,SAS,USMC,SABF,FIVE,RUSF,FREE,,,,,image_mp_map_templogo,loading_mp_fort_bg,0,0,,DXR_ON,,1,10,550,3500,1,,0.056,-0.057,1,1,1,1,1,12000,2000,4000,15000,2000,,0,0,0,0,0,0,0,0,0
mp_hackney_am,0,0,,0.45,205,542,0,0.002,-0.01,SIX,SAS,USMC,SABF,FIVE,RUSF,FREE,,,,,image_mp_map_templogo,loading_mp_fort_bg,0,0,,DXR_ON,,1,11,550,3500,1,,0.056,-0.057,1,1,1,1,1,12000,2000,4000,15000,2000,,0,0,0,0,0,0,0,0,0
mp_iw9_audprop,0,0,,0.45,205,542,0,0.002,-0.01,SIX,SAS,USMC,SABF,FIVE,RUSF,FREE,,,,,image_mp_map_templogo,loading_mp_fort_bg,0,0,,DXR_ON,,1,11,550,3500,1,,0.056,-0.057,1,1,1,1,1,12000,2000,4000,15000,2000,,0,0,0,0,0,0,0,0,0
mp_grandprix_pm_2,0,0,,0.45,205,542,0,0,0.004,RUSF,SAS,SAS,ZVIR,ICORPS,GRP9,FREE,,,,,loading_mp_grandprix_pm_2_bg_preview,loading_mp_grandprix_pm_2_bg,0,0,,DXR_ON,,0,0,700,3500,1,,0.06,-0.02,1,1,1,1,1,12000,2000,4000,15000,2000,,0,0,0,0,0,0,0,0,0
mp_gulag_caves,0,0,,0.45,205,542,0,0,0.004,RUSF,SAS,SAS,SABF,FIVE,SIX,FREE,,,,,image_mp_map_templogo,,0,0,,DXR_ON,,1,0,700,3500,1,,0.06,-0.02,1,1,1,1,1,12000,2000,4000,15000,2000,,0,0,0,0,0,0,0,0,0
mp_historic_gw,0,0,,0.45,205,542,0,0,0.004,ICORPS,USMC,SAS,ZVIR,ICORPS,GRP9,FREE,1,,3000,5000,loading_mp_historic_gw_bg_preview,loading_mp_historic_gw_bg,0,0,25000,DXR_OFF,,1,0,,,1,,,,1.5,1.5,1.5,1.5,1.5,12000,2000,4000,15000,2000,,0,0,0,0,0,0,0,0,0
mp_historic_gw2,0,0,,0.45,205,542,0,0,0.004,ICORPS,USMC,SAS,ZVIR,ICORPS,GRP9,FREE,1,,3000,5000,loading_mp_historic_gw_bg_preview,loading_mp_historic_gw_bg,0,0,25000,DXR_OFF,,1,0,,,1,,,,1.5,1.5,1.5,1.5,1.5,12000,2000,4000,15000,2000,,0,0,0,0,0,0,0,0,0
mp_historic_dev,0,0,,,,,,,,ICORPS,USMC,SAS,ZVIR,ICORPS,GRP9,FREE,1,,3000,5000,loading_mp_historic_gw_bg_preview,loading_mp_historic_gw_bg,0,0,25000,DXR_OFF,,1,0,,,1,,,,1.5,1.5,1.5,1.5,1.5,12000,2000,4000,15000,2000,,0,0,0,0,0,0,0,0,0
mp_hydro,0,0,,0.45,205,542,0,0,0.004,ZVIR,GRP9,SAS,ZVIR,ICORPS,GRP9,FREE,,,,,loading_mp_hydro_bg_preview,loading_mp_hydro_bg,0,0,,DXR_ON,,0,0,700,3500,1,,0.06,-0.02,1,1,1,1,1,12000,2000,4000,15000,2000,,0,0,0,0,0,0,0,0,0
mp_hydro_dev,0,0,,0.45,205,542,0,0,0.004,ZVIR,GRP9,SAS,ZVIR,ICORPS,GRP9,FREE,,,,,image_mp_map_templogo,loading_mp_hydro_bg,0,0,,DXR_ON,,1,0,700,3500,1,,0.06,-0.02,1,1,1,1,1,12000,2000,4000,15000,2000,,0,0,0,0,0,0,0,0,0
mp_invasion,0,0,,0.6,205,542,0,-0.01,-0.008,SABF,SAS,SAS,RUSF,FIVE,SIX,FREE,,,,,image_mp_map_templogo,loading_mp_fort_bg,0,0,,DXR_OFF,,1,0,1125,3500,1,,-0.01,-0.008,1,1,1,1,1,12000,2000,4000,15000,2000,,0,0,0,0,0,0,0,0,0
mp_intercept,0,0,,0.6,205,542,0,-0.01,-0.008,RUSF,SAS,SAS,SABF,FIVE,SIX,FREE,,,,,loading_mp_intercept_bg_preview,loading_mp_intercept_bg,0,0,,DXR_OFF,,0,0,1125,3500,1,,-0.01,-0.008,1,1,1,1,1,12000,2000,4000,15000,2000,,0,0,0,0,0,0,0,0,0
mp_jup_bigmap,0,0,,,,,,,,RUSF,SAS,RUSF,SAS,RUSF,SAS,FREE,1,,,,loading_mp_jup_bigmap_bg_preview,loading_mp_jup_bigmap_bg,0,0,,DXR_OFF,,1,0,,,1,,,,1,1,1,1,1,12000,2000,4000,15000,2000,,0,0,0,0,0,0,0,0,0
mp_jup_bigmap_wz2,0,0,,,,,,,,RUSF,SAS,RUSF,SAS,RUSF,SAS,FREE,1,,,,loading_mp_jup_bigmap_bg_preview,loading_mp_jup_bigmap_bg,0,0,,DXR_OFF,,1,0,,,1,,,,1,1,1,1,1,12000,2000,4000,15000,2000,,0,0,0,0,0,0,0,0,0
mp_iw9_greenbox,0,0,,0.45,205,542,0,0,0.004,ZVIR,GRP9,SAS,ZVIR,ICORPS,GRP9,FREE,,,,,loading_mp_hydro_bg_preview,loading_mp_hydro_bg,0,0,,DXR_ON,,1,0,700,3500,1,,0.06,-0.02,1,1,1,1,1,12000,2000,4000,15000,2000,,0,0,0,0,0,0,0,0,0
mp_jup_ob_proto,0,0,,,,,,,,,,,,,,,1,,,,image_mp_map_templogo,,0,0,,,,,,,,,,,,1,1,1,1,1,12000,2000,4000,15000,2000,,0,0,0,0,0,0,0,0,0
mp_jup_st_a,0,0,,,,,,,,,,,,,,,1,,,,image_mp_map_templogo,,0,0,,,,,,,,,,,,1,1,1,1,1,12000,2000,4000,15000,2000,,0,0,0,0,0,0,0,0,0
mp_jup_st_b,0,0,,,,,,,,,,,,,,,1,,,,image_mp_map_templogo,,0,0,,,,,,,,,,,,1,1,1,1,1,12000,2000,4000,15000,2000,,0,0,0,0,0,0,0,0,0
mp_jup_st_c,0,0,,,,,,,,,,,,,,,1,,,,image_mp_map_templogo,,0,0,,,,,,,,,,,,1,1,1,1,1,12000,2000,4000,15000,2000,,0,0,0,0,0,0,0,0,0
mp_jup_st_d,0,0,,,,,,,,,,,,,,,1,,,,image_mp_map_templogo,,0,0,,,,,,,,,,,,1,1,1,1,1,12000,2000,4000,15000,2000,,0,0,0,0,0,0,0,0,0
mp_jup_st_e,0,0,,,,,,,,,,,,,,,1,,,,image_mp_map_templogo,,0,0,,,,,,,,,,,,1,1,1,1,1,12000,2000,4000,15000,2000,,0,0,0,0,0,0,0,0,0
mp_jup_st_f,0,0,,,,,,,,,,,,,,,1,,,,image_mp_map_templogo,,0,0,,,,,,,,,,,,1,1,1,1,1,12000,2000,4000,15000,2000,,0,0,0,0,0,0,0,0,0
mp_jup_st_g,0,0,,,,,,,,,,,,,,,1,,,,image_mp_map_templogo,,0,0,,,,,,,,,,,,1,1,1,1,1,12000,2000,4000,15000,2000,,0,0,0,0,0,0,0,0,0
mp_jup_st_h,0,0,,,,,,,,,,,,,,,1,,,,image_mp_map_templogo,,0,0,,,,,,,,,,,,1,1,1,1,1,12000,2000,4000,15000,2000,,0,0,0,0,0,0,0,0,0
mp_jup_st_i,0,0,,,,,,,,,,,,,,,1,,,,image_mp_map_templogo,,0,0,,,,,,,,,,,,1,1,1,1,1,12000,2000,4000,15000,2000,,0,0,0,0,0,0,0,0,0
mp_jupiter_v2,0,0,,0.45,205,542,0,0,0.004,RUSF,SAS,SAS,SABF,FIVE,SIX,FREE,,,,,image_mp_map_templogo,,0,0,,DXR_ON,,1,0,500,2500,1,,0.18,-0.02,1,1,1,1,1,12000,2000,4000,15000,2000,,0,0,0,0,0,0,0,0,0
mp_kyoto,0,0,,0.45,205,542,0,0,0.004,RUSF,SAS,SAS,SABF,FIVE,SIX,FREE,,,,,image_mp_map_templogo,,0,0,,DXR_ON,,1,0,500,2500,1,,0.18,-0.02,1,1,1,1,1,12000,2000,4000,15000,2000,,0,0,0,0,0,0,0,0,0
mp_lifts,0,0,,0.45,205,542,0,0,0.004,RUSF,SAS,SAS,SABF,FIVE,SIX,FREE,,,,,image_mp_map_templogo,,0,0,,DXR_ON,,1,0,700,3500,1,,0.06,-0.02,1,1,1,1,1,12000,2000,4000,15000,2000,,0,0,0,0,0,0,0,0,0
mp_luxury,0,0,,0.45,205,542,0,0,0.004,ICORPS,SAS,SAS,ZVIR,ICORPS,GRP9,FREE,,,,,loading_mp_luxury_bg_preview,loading_mp_luxury_bg,0,0,,DXR_ON,,0,0,700,3500,1,,0.06,-0.02,1,1,1,1,1,12000,2000,4000,15000,2000,,0,0,0,0,0,0,0,0,0
mp_mgl_catedral,0,0,,0.45,205,542,0,0,0.004,RUSF,SAS,SAS,SABF,FIVE,SIX,FREE,,,,,loading_mp_catedral_bg_preview,loading_mp_mgl_catedral_bg,0,0,,DXR_ON,,0,0,500,2500,1,,0.18,-0.02,1,1,1,1,1,12000,2000,4000,15000,2000,,0,0,0,0,0,0,0,0,0
mp_mgl_crash2,0,0,,0.45,205,542,0,0,0.004,RUSF,SAS,SAS,SABF,FIVE,SIX,FREE,,,,,image_mp_map_templogo,loading_mp_mgl_crash2_bg,0,0,,DXR_ON,,0,0,500,2500,1,,0.18,-0.02,1,1,1,1,1,12000,2000,4000,15000,2000,,0,0,0,0,0,0,0,0,0
mp_mgl_farm_18,0,0,,0.45,205,542,0,0,0.004,RUSF,SAS,SAS,SABF,FIVE,SIX,FREE,,,,,loading_mp_farm_18_bg_preview,loading_mp_mgl_farm_18_bg,0,0,,DXR_ON,,0,0,500,2500,1,,0.18,-0.02,1,1,1,1,1,12000,2000,4000,15000,2000,,0,0,0,0,0,0,0,0,0
mp_mgl_luxury,0,0,,0.45,205,542,0,0,0.004,RUSF,SAS,SAS,SABF,FIVE,SIX,FREE,,,,,loading_mp_luxury_bg_preview,loading_mp_mgl_luxury_bg,0,0,,DXR_ON,,0,0,500,2500,1,,0.18,-0.02,1,1,1,1,1,12000,2000,4000,15000,2000,,0,0,0,0,0,0,0,0,0
mp_mgl_shipment_iw9,0,0,,0.45,205,542,0,0,0.004,RUSF,SAS,SAS,SABF,FIVE,SIX,FREE,,,,,loading_mp_shipment_bg_preview,loading_mp_mgl_shipment_iw9_bg,0,0,,DXR_ON,,0,0,500,2500,1,,0.18,-0.02,1,1,1,1,1,12000,2000,4000,15000,2000,,0,0,0,0,0,0,0,0,0
mp_mgl_wallmarket_test,0,0,,0.42,205,542,0,0.016,0.009,RUSF,SAS,SAS,SABF,FIVE,SIX,FREE,,,,,image_mp_map_templogo,,0,0,,DXR_ON,,1,0,400,1500,0,,0.08,-0.11,1,1,1,1,1,12000,2000,4000,15000,2000,,0,0,0,0,0,0,0,0,0
mp_mtntown,0,0,,0.45,205,542,0,0,0.004,RUSF,SAS,SAS,SABF,FIVE,SIX,FREE,,,,,image_mp_map_templogo,,0,0,,DXR_ON,,1,0,700,3500,1,,0.06,-0.02,1,1,1,1,1,12000,2000,4000,15000,2000,,0,0,0,0,0,0,0,0,0
mp_museum,0,0,,0.45,205,542,0,0,0.004,ZVIR,GRP9,SAS,ZVIR,ICORPS,GRP9,FREE,,,,,image_mp_map_templogo,loading_mp_museum_bg,0,0,,DXR_ON,,0,0,700,3500,1,,0.06,-0.02,1,1,1,1,1,12000,2000,4000,15000,2000,,0,0,0,0,0,0,0,0,0
mp_nogales_gw,0,0,,0.45,205,542,0,0,0.004,ZVIR,USMC,SAS,ZVIR,ICORPS,GRP9,FREE,1,,3000,5000,loading_mp_nogales_bg_preview,loading_mp_nogales_bg,0,0,25000,DXR_ON,,1,0,700,3500,1,,0.06,-0.02,1,1,1,1,1,12000,2000,4000,15000,2000,,0,0,0,0,0,0,0,0,0
mp_nogales_gw2,0,0,,0.45,205,542,0,0,0.004,ZVIR,USMC,SAS,ZVIR,ICORPS,GRP9,FREE,1,,3000,5000,image_mp_map_templogo,loading_mp_nogales_bg,0,0,25000,DXR_ON,,1,0,700,3500,1,,0.06,-0.02,1,1,1,1,1,12000,2000,4000,15000,2000,,0,0,0,0,0,0,0,0,0
mp_observatory,0,0,,0.45,205,542,0,0,0.004,RUSF,SAS,SAS,SABF,FIVE,SIX,FREE,,,,,loading_mp_observ_bg_preview,loading_mp_observatory_bg,0,0,,DXR_ON,,0,0,700,3500,1,,0.06,-0.02,1,1,1,1,1,12000,2000,4000,15000,2000,,0,0,0,0,0,0,0,0,0
mp_ridge,0,0,,0.45,205,542,0,0,0.004,RUSF,SAS,SAS,SABF,FIVE,SIX,FREE,,,,,image_mp_map_templogo,,0,0,,DXR_ON,,1,0,700,3500,1,,0.06,-0.02,1,1,1,1,1,12000,2000,4000,15000,2000,,0,0,0,0,0,0,0,0,0
mp_ridgecrest,0,0,,0.45,205,542,0,0,0.004,RUSF,SAS,SAS,SABF,FIVE,SIX,FREE,,,,,image_mp_map_templogo,,0,0,,DXR_ON,,1,0,700,3500,1,,0.06,-0.02,1,1,1,1,1,12000,2000,4000,15000,2000,,0,0,0,0,0,0,0,0,0
mp_rush_v2,0,0,,0.45,205,542,0,0,0.004,RUSF,SAS,SAS,SABF,FIVE,SIX,FREE,,,,,image_mp_map_templogo,,0,0,,DXR_ON,,0,0,700,3500,1,,0.06,-0.02,1,1,1,1,1,12000,2000,4000,15000,2000,,0,0,0,0,0,0,0,0,0
mp_saba_biomes,0,0,,0.45,205,542,0,0,0.004,RUSF,SAS,SAS,SABF,FIVE,SIX,FREE,,,,,image_mp_map_templogo,,0,0,,DXR_ON,,1,0,700,3500,1,,0.06,-0.02,1,1,1,1,1,12000,2000,4000,15000,2000,,0,0,0,0,0,0,0,0,0
mp_shipment_iw9,0,0,,0.45,205,542,0,0,0.004,RUSF,SAS,SAS,SABF,FIVE,SIX,FREE,,,,,loading_mp_shipment_bg_preview,loading_mp_shipment_bg,0,0,,DXR_ON,,0,0,500,2500,1,,0.18,-0.02,1,1,1,1,1,12000,2000,4000,15000,2000,,0,0,0,0,0,0,0,0,0
mp_shipment_iw9_xmas,0,0,,0.45,205,542,0,0,0.004,RUSF,SAS,SAS,SABF,FIVE,SIX,FREE,,,,,loading_mp_ship_xmas_bg_preview,loading_mp_ship_xmas_bg,0,0,,DXR_ON,,0,0,500,2500,1,,0.18,-0.02,1,1,1,1,1,12000,2000,4000,15000,2000,,0,0,0,0,0,0,0,0,0
mp_shoothouse2,0,0,,0.45,205,542,0,0,0.004,RUSF,SAS,SAS,SABF,FIVE,SIX,FREE,,,,,loading_mp_shoot_bg_preview,loading_mp_shoot_bg,0,0,,DXR_ON,,0,0,500,2500,1,,0.18,-0.02,1,1,1,1,1,12000,2000,4000,15000,2000,,0,0,0,0,0,0,0,0,0
mp_shoothouse2_mobile,0,0,,0.45,205,542,0,0,0.004,RUSF,SAS,SAS,SABF,FIVE,SIX,FREE,,,,,loading_mp_shoot_bg_preview,loading_mp_shoothouse2_mobile_bg,0,0,,DXR_ON,,0,0,500,2500,1,,0.18,-0.02,1,1,1,1,1,12000,2000,4000,15000,2000,,0,0,0,0,0,0,0,0,0
mp_scrapyard_mobile,0,0,,0.45,205,542,90,-0.002,0,RUSF,SAS,SAS,SABF,FIVE,SIX,FREE,,,,,image_mp_map_templogo,loading_mp_scrapyard_mobile_bg,0,0,,DXR_ON,,1,48,750,3500,1,,0.03,0.07,1,1,1,1,1,12000,2000,4000,15000,2000,,0,0,0,0,0,0,0,0,0
mp_showdown2,0,0,,0.45,205,542,0,0,0.004,RUSF,SAS,SAS,SABF,FIVE,SIX,FREE,,,,,loading_mp_showdown2_bg_preview,loading_mp_showdown2_bg,0,0,,DXR_ON,,0,0,500,2500,1,,0.18,-0.02,1,1,1,1,1,12000,2000,4000,15000,2000,,0,0,0,0,0,0,0,0,0
mp_shrossing,0,0,,0.45,205,542,0,0,0.004,RUSF,SAS,SAS,SABF,FIVE,SIX,FREE,,,,,image_mp_map_templogo,,0,0,,DXR_ON,,0,0,500,2500,1,,0.18,-0.02,1,1,1,1,1,12000,2000,4000,15000,2000,,0,0,0,0,0,0,0,0,0
mp_sira_gw,0,0,,0.45,205,542,0,0,0.004,ZVIR,SAS,SAS,ZVIR,ICORPS,GRP9,FREE,1,,3000,5000,loading_mp_sira_gw_bg_preview,loading_mp_sira_gw_bg,0,0,25000,DXR_ON,,1,0,700,3500,1,,0.06,-0.02,1,1,1,1,1,12000,2000,4000,15000,2000,,0,0,0,0,0,0,0,0,0
mp_sira2_dev,0,0,,0.45,205,542,0,0,0.004,ZVIR,SAS,SAS,ZVIR,ICORPS,GRP9,FREE,1,,3000,5000,image_mp_map_templogo,,0,0,,DXR_ON,,1,0,700,3500,1,,0.06,-0.02,1,1,1,1,1,12000,2000,4000,15000,2000,,0,0,0,0,0,0,0,0,0
mp_skerries_v2,0,0,,0.45,205,542,0,0,0.004,RUSF,SAS,SAS,SABF,FIVE,SIX,FREE,,,,,loading_mp_skerries_bg_preview,loading_mp_skerries_bg,0,0,,DXR_ON,,0,0,500,2500,1,,0.18,-0.02,1,1,1,1,1,12000,2000,4000,15000,2000,,0,0,0,0,0,0,0,0,0
mp_swap_meet,0,0,,0.45,205,542,0,0,0.004,ICORPS,USMC,SAS,ZVIR,ICORPS,GRP9,FREE,,,,,loading_mp_swap_meet_bg_preview,loading_mp_swap_meet_bg,0,0,,DXR_ON,,0,0,700,3500,1,,0.06,-0.02,1,1,1,1,1,12000,2000,4000,15000,2000,,0,0,0,0,0,0,0,0,0
mp_swap_meet_dev,0,0,,0.45,205,542,0,0,0.004,ICORPS,USMC,SAS,ZVIR,ICORPS,GRP9,FREE,,,,,image_mp_map_templogo,loading_mp_swap_meet_bg,0,0,,DXR_ON,,1,0,700,3500,1,,0.06,-0.02,1,1,1,1,1,12000,2000,4000,15000,2000,,0,0,0,0,0,0,0,0,0
mp_tenant,0,0,,0.45,205,542,0,0,0.004,RUSF,SAS,SAS,SABF,FIVE,SIX,FREE,,,,,image_mp_map_templogo,,0,0,,DXR_ON,,1,0,700,3500,1,,0.06,-0.02,1,1,1,1,1,12000,2000,4000,15000,2000,,0,0,0,0,0,0,0,0,0
mp_toujane2,0,0,,0.45,205,542,0,0,0.004,RUSF,SAS,SAS,SABF,FIVE,SIX,FREE,,,,,loading_mp_toujane2_bg_preview,,0,0,,DXR_ON,,1,0,700,3500,1,,0.06,-0.02,1,1,1,1,1,12000,2000,4000,15000,2000,,0,0,0,0,0,0,0,0,0
mp_tokyo,0,0,,0.45,205,542,0,0,0.004,RUSF,SAS,SAS,SABF,FIVE,SIX,FREE,,,,,image_mp_map_templogo,,0,0,,DXR_ON,,1,0,700,3500,1,,0.06,-0.02,1,1,1,1,1,12000,2000,4000,15000,2000,,0,0,0,0,0,0,0,0,0
mp_m_alley,0,0,,0.42,205,542,0,0.016,0.009,RUSF,SAS,SAS,SABF,FIVE,SIX,FREE,,,,,loading_mp_m_alley_bg_preview,loading_mp_m_alley_bg,0,0,,DXR_ON,,0,0,400,1500,0,,0.08,-0.11,1,1,1,1,1,12000,2000,4000,15000,2000,,0,0,0,0,0,0,0,0,0
mp_m_blacksite2,0,0,,0.42,205,542,0,0.016,0.009,RUSF,SAS,SAS,SABF,FIVE,SIX,FREE,,,,,loading_mp_m_black_bg_preview,loading_mp_m_blacksite2_bg,0,0,,DXR_ON,,0,0,400,1500,0,,0.08,-0.11,1,1,1,1,1,12000,2000,4000,15000,2000,,0,0,0,0,0,0,0,0,0
mp_m_boneyard,0,0,,0.42,200,542,0,0,0.005,SIX,SAS,FIVE,SABF,USMC,RUSF,FREE,,compass_map_mp_m_king,,,image_mp_map_templogo,loading_mp_m_king_bg,0,0,,DXR_ON,,1,0,400,1500,0,,0.081,-0.025,1,1,1,1,1,12000,2000,4000,15000,2000,,0,0,0,0,0,0,0,0,0
mp_m_canal,0,0,,0.42,205,542,0,0.016,0.009,RUSF,SAS,SAS,SABF,FIVE,SIX,FREE,,,,,image_mp_map_templogo,,0,0,,DXR_ON,,0,0,400,1500,0,,0.08,-0.11,1,1,1,1,1,12000,2000,4000,15000,2000,,0,0,0,0,0,0,0,0,0
mp_m_exhibit,0,0,,0.42,205,542,0,0.016,0.009,RUSF,SAS,SAS,SABF,FIVE,SIX,FREE,,,,,loading_mp_m_exhibit_bg_preview,loading_mp_m_exhibit_bg,0,0,,DXR_ON,,0,0,400,1500,0,,0.08,-0.11,1,1,1,1,1,12000,2000,4000,15000,2000,,0,0,0,0,0,0,0,0,0
mp_t10_sm_citadel,0,0,,0.42,205,542,0,0.016,0.009,RUSF,SAS,SAS,SABF,FIVE,SIX,FREE,,,,,loading_mp_m_exhibit_bg_preview,loading_mp_m_exhibit_bg,0,0,,DXR_ON,,0,0,400,1500,0,,0.08,-0.11,1,1,1,1,1,12000,2000,4000,15000,2000,,0,0,0,0,0,0,0,0,0
mp_m_gulag_redux,0,0,,0.42,205,542,0,0.016,0.009,RUSF,SAS,SAS,SABF,FIVE,SIX,FREE,,,,,image_mp_map_templogo,,0,0,,DXR_ON,,1,0,400,1500,0,,0.08,-0.11,1,1,1,1,1,12000,2000,4000,15000,2000,,0,0,0,0,0,0,0,0,0
mp_m_trauma,0,0,,0.42,205,542,0,0.016,0.009,RUSF,SAS,SAS,SABF,FIVE,SIX,FREE,,,,,image_mp_map_templogo,,0,0,,DXR_ON,,1,0,400,1500,0,,0.08,-0.11,1,1,1,1,1,12000,2000,4000,15000,2000,,0,0,0,0,0,0,0,0,0
mp_m_torn,0,0,,0.42,205,542,0,0.016,0.009,RUSF,SAS,SAS,SABF,FIVE,SIX,FREE,,,,,image_mp_map_templogo,,0,0,,DXR_ON,,1,0,400,1500,0,,0.08,-0.11,1,1,1,1,1,12000,2000,4000,15000,2000,,0,0,0,0,0,0,0,0,0
mp_m_discharge,0,0,,0.35,205,542,0,0,0,RUSF,SAS,FIVE,SABF,USMC,SIX,FREE,,,,,image_mp_map_templogo,loading_mp_m_drainage_bg,0,0,,DXR_ON,,1,0,500,2500,1,,0.065,-0.03,1,1,1,1,1,12000,2000,4000,15000,2000,,0,0,0,0,0,0,0,0,0
mp_m_drainage,0,0,,0.35,205,542,0,0,0,RUSF,SAS,FIVE,SABF,USMC,SIX,FREE,,,,,image_mp_map_templogo,loading_mp_m_drainage_bg,0,0,,DXR_ON,,1,0,500,2500,1,,0.065,-0.03,1,1,1,1,1,12000,2000,4000,15000,2000,,0,0,0,0,0,0,0,0,0
mp_m_fight,0,0,,0.42,205,542,0,0.016,0.009,RUSF,SAS,SAS,SABF,FIVE,SIX,FREE,,,,,loading_mp_m_fight_bg_preview,,0,0,,DXR_ON,,1,0,400,1500,0,,0.08,-0.11,1,1,1,1,1,12000,2000,4000,15000,2000,,0,0,0,0,0,0,0,0,0
mp_m_king,0,0,,0.42,205,542,0,0.016,0.009,RUSF,SAS,SAS,SABF,FIVE,SIX,FREE,,,,,loading_mp_m_king_bg_preview,loading_mp_m_king_bg,0,0,,DXR_ON,,1,0,400,1500,0,,0.08,-0.11,1,1,1,1,1,12000,2000,4000,15000,2000,,0,0,0,0,0,0,0,0,0
mp_m_floatbay,0,0,,0.42,205,542,0,0.016,0.009,RUSF,SAS,SAS,SABF,FIVE,SIX,FREE,,,,,image_mp_map_templogo,,0,0,,DXR_ON,,1,0,400,1500,0,,0.08,-0.11,1,1,1,1,1,12000,2000,4000,15000,2000,,0,0,0,0,0,0,0,0,0
mp_m_lounge,0,0,,0.42,205,542,0,0.016,0.009,RUSF,SAS,SAS,SABF,FIVE,SIX,FREE,,,,,image_mp_map_templogo,,0,0,,DXR_ON,,0,0,400,1500,0,,0.08,-0.11,1,1,1,1,1,12000,2000,4000,15000,2000,,0,0,0,0,0,0,0,0,0
mp_m_mercado,0,0,,0.42,205,542,0,0.016,0.009,RUSF,SAS,SAS,SABF,FIVE,SIX,FREE,,,,,loading_mp_mercado_bg_preview,loading_mp_mercado_bg,0,0,,DXR_ON,,0,0,400,1500,0,,0.08,-0.11,1,1,1,1,1,12000,2000,4000,15000,2000,,0,0,0,0,0,0,0,0,0
mp_m_overunder,0,0,,0.37,205,542,0,0.002,0.002,RUSF,SAS,USMC,SABF,FIVE,RUSF,FREE,,compass_map_mp_m_overunder,,,image_mp_map_templogo,loading_mp_m_overunder_bg,0,0,,DXR_ON,,1,26,500,3000,1,,0.07,-0.035,1,1,1,1,1,12000,2000,4000,15000,2000,,0,0,0,0,0,0,0,0,0
mp_m_penthouse,0,0,,0.42,205,542,0,0.016,0.009,RUSF,SAS,SAS,SABF,FIVE,SIX,FREE,,,,,loading_mp_m_pent_bg_preview,loading_mp_m_pent_bg,0,0,,DXR_ON,,0,0,400,1500,0,,0.08,-0.11,1,1,1,1,1,12000,2000,4000,15000,2000,,0,0,0,0,0,0,0,0,0
mp_m_pine,0,0,,0.33,190,542,0,0,0,RUSF,SAS,USMC,SABF,FIVE,SIX,FREE,,compass_map_mp_m_pine,,,image_mp_map_templogo,loading_mp_fort_bg,0,0,,DXR_ON,,1,27,500,2500,1,,0.02,-0.015,1,1,1,1,1,12000,2000,4000,15000,2000,,0,0,0,0,0,0,0,0,0
mp_m_speed,0,0,,0.43,205,542,0,-0.009,0,RUSF,SAS,SAS,SABF,FIVE,SIX,FREE,,compass_map_mp_m_speed,,,image_mp_map_templogo,loading_mp_fort_bg,0,0,,DXR_ON,,1,28,550,3500,1,,0.05,-0.035,1,1,1,1,1,12000,2000,4000,15000,2000,,0,0,0,0,0,0,0,0,0
mp_m_speedball,0,0,,0.37,205,542,0,-0.009,-0.028,SABF,SAS,SAS,RUSF,FIVE,SIX,FREE,,compass_map_mp_m_speedball,,,image_mp_map_templogo,loading_mp_fort_bg,0,0,,DXR_ON,,1,29,400,3000,1,,0.09,-0.055,1,1,1,1,1,12000,2000,4000,15000,2000,,0,0,0,0,0,0,0,0,0
mp_m_stack,0,0,,0.37,205,542,0,0,0,SABF,SAS,SAS,RUSF,FIVE,SIX,FREE,,compass_map_mp_m_stack,,,image_mp_map_templogo,loading_mp_fort_bg,0,0,,DXR_ON,,1,30,500,3500,1,,0.07,-0.03,1,1,1,1,1,12000,2000,4000,15000,2000,,0,0,0,0,0,0,0,0,0
mp_m_studio,0,0,,0.42,205,542,0,0.016,0.009,RUSF,SAS,SAS,SABF,FIVE,SIX,FREE,,,,,image_mp_map_templogo,,0,0,,DXR_ON,,1,0,400,1500,0,,0.08,-0.11,1,1,1,1,1,12000,2000,4000,15000,2000,,0,0,0,0,0,0,0,0,0
mp_m_subway,0,0,,0.42,205,542,0,0.016,0.009,RUSF,SAS,SAS,SABF,FIVE,SIX,FREE,,,,,image_mp_map_templogo,,0,0,,DXR_ON,,1,0,400,1500,0,,0.08,-0.11,1,1,1,1,1,12000,2000,4000,15000,2000,,0,0,0,0,0,0,0,0,0
mp_m_tokyo,0,0,,0.42,205,542,0,0.016,0.009,RUSF,SAS,SAS,SABF,FIVE,SIX,FREE,,,,,image_mp_map_templogo,,0,0,,DXR_ON,,1,0,400,1500,0,,0.08,-0.11,1,1,1,1,1,12000,2000,4000,15000,2000,,0,0,0,0,0,0,0,0,0
mp_m_theater,0,0,,0.42,205,542,0,0.016,0.009,RUSF,SAS,SAS,SABF,FIVE,SIX,FREE,,,,,image_mp_map_templogo,,0,0,,DXR_ON,,1,0,400,1500,0,,0.08,-0.11,1,1,1,1,1,12000,2000,4000,15000,2000,,0,0,0,0,0,0,0,0,0
mp_m_tower2,0,0,,0.42,205,542,0,0.016,0.009,RUSF,SAS,SAS,SABF,FIVE,SIX,FREE,,,,,image_mp_map_templogo,,0,0,,DXR_ON,,1,0,400,1500,0,,0.08,-0.11,1,1,1,1,1,12000,2000,4000,15000,2000,,0,0,0,0,0,0,0,0,0
mp_m_deck,0,0,,0.42,205,542,0,0.016,0.009,RUSF,SAS,SAS,SABF,FIVE,SIX,FREE,,,,,image_mp_map_templogo,,0,0,,DXR_ON,,1,0,400,1500,0,,0.08,-0.11,1,1,1,1,1,12000,2000,4000,15000,2000,,0,0,0,0,0,0,0,0,0
mp_m_skerries,0,0,,0.42,205,542,0,0.016,0.009,RUSF,SAS,SAS,SABF,FIVE,SIX,FREE,,,,,image_mp_map_templogo,,0,0,,DXR_ON,,0,0,400,1500,0,,0.08,-0.11,1,1,1,1,1,12000,2000,4000,15000,2000,,0,0,0,0,0,0,0,0,0
cp_br_syrk,0,0,,,,,,,,,,,,,,,1,,10000,25000,image_mp_map_templogo,,0,0,,DXR_OFF,,1,0,,,1,,,,1,1,1,1,1,12000,2000,4000,15000,2000,,0,0,0,0,0,0,0,0,0
mp_saba,0,0,,,,,,,,RUSF,SAS,RUSF,SAS,RUSF,SAS,FREE,1,,15000,25000,loading_mp_saba_bg_preview,loading_mp_saba_bg,0,0,,DXR_OFF,,1,0,,,1,,,,1,1,1,1,1,12000,2000,4000,15000,2000,,0,0,0,0,0,0,0,0,0
mp_saba2,0,0,,,,,,,,RUSF,SAS,RUSF,SAS,RUSF,SAS,FREE,1,,15000,25000,loading_mp_saba_bg_preview,loading_mp_saba_bg,0,0,,DXR_OFF,,1,0,,,1,,,,1,1,1,1,1,12000,2000,4000,15000,2000,,0,0,0,0,0,0,0,0,0
mp_saba2_resurgence_fort,0,0,,,,,,,,RUSF,SAS,RUSF,SAS,RUSF,SAS,FREE,1,,15000,25000,loading_mp_saba2_bg_preview,loading_mp_saba2_bg,0,0,,DXR_OFF,,1,0,,,1,,,,1,1,1,1,1,12000,2000,4000,15000,2000,,0,0,0,0,0,0,0,0,0
mp_saba2_proto_s5,0,0,,,,,,,,RUSF,SAS,RUSF,SAS,RUSF,SAS,FREE,1,,15000,25000,loading_mp_saba_bg_preview,loading_mp_saba_bg,0,0,,DXR_OFF,,1,0,,,1,,,,1,1,1,1,1,12000,2000,4000,15000,2000,,0,0,0,0,0,0,0,0,0
mp_saba2_proto_s4,0,0,,,,,,,,RUSF,SAS,RUSF,SAS,RUSF,SAS,FREE,1,,15000,25000,loading_mp_saba_bg_preview,loading_mp_saba_bg,0,0,,DXR_OFF,,1,0,,,1,,,,1,1,1,1,1,12000,2000,4000,15000,2000,,0,0,0,0,0,0,0,0,0
mp_saba_pm,0,0,,,,,,,,RUSF,SAS,RUSF,SAS,RUSF,SAS,FREE,1,,15000,25000,loading_mp_saba_bg_preview,loading_mp_saba_bg,0,0,,DXR_OFF,,1,0,,,1,,,,1,1,1,1,1,12000,2000,4000,15000,2000,,0,0,0,0,0,0,0,0,0
mp_br_mechanics,0,0,,,,,,,,RUSF,SAS,RUSF,SAS,RUSF,SAS,FREE,1,,15000,25000,image_mp_map_templogo,loading_mp_saba_bg,0,0,,DXR_OFF,,1,0,,,1,,,,1,1,1,1,1,12000,2000,4000,15000,2000,,0,0,0,0,0,0,0,0,0
mp_t_clr_medium,0,0,,,,,,,,,,,,,,,,,,,image_mp_map_templogo,loading_mp_t_clr_med_bg,,0,,DXR_ON,,1,0,,,1,,,,1,1,1,1,1,12000,2000,4000,15000,2000,,0,0,0,0,0,0,0,0,0
mp_t_clr_small,0,0,,,,,,,,,,,,,,,,,,,image_mp_map_templogo,,,0,,DXR_ON,,1,0,,,1,,,,1,1,1,1,1,12000,2000,4000,15000,2000,,0,0,0,0,0,0,0,0,0
mp_t_dst_runner,0,0,,,,,,,,,,,,,,,,,,,image_mp_map_templogo,,,0,,DXR_ON,,1,0,,,1,,,,1,1,1,1,1,12000,2000,4000,15000,2000,,0,0,0,0,0,0,0,0,0
mp_t_gun_course,0,0,,,,,,,,,,,,,,,,,,,image_mp_map_templogo,loading_mp_t_gun_course_bg,,0,,DXR_ON,,1,0,,,1,,,,1,1,1,1,1,12000,2000,4000,15000,2000,,0,0,0,0,0,0,0,0,0
mp_t_sn_reflex,0,0,,,,,,,,,,,,,,,,,,,image_mp_map_templogo,loading_mp_t_sn_reflex_bg,,0,,DXR_ON,,1,0,,,1,,,,1,1,1,1,1,12000,2000,4000,15000,2000,,0,0,0,0,0,0,0,0,0
mp_t_sn_speed,0,0,,,,,,,,,,,,,,,,,,,image_mp_map_templogo,,,0,,DXR_ON,,1,0,,,1,,,,1,1,1,1,1,12000,2000,4000,15000,2000,,0,0,0,0,0,0,0,0,0
mp_caves_gw,0,0,,,,,,,,ICORPS,SAS,SAS,SABF,FIVE,RUSF,FREE,1,,3000,5000,loading_mp_caves_gw_bg_preview,loading_mp_caves_gw_bg,0,0,25000,DXR_OFF,,1,0,,,1,,,,1.5,1.5,1.5,1.5,1.5,12000,2000,4000,15000,2000,,0,0,0,0,0,0,0,0,0
mp_dogtown_gw,0,0,,,,,,,,ICORPS,SAS,SAS,SABF,FIVE,RUSF,FREE,1,,3000,5000,image_mp_map_templogo,,0,0,25000,DXR_OFF,,1,0,,,1,,,,1.5,1.5,1.5,1.5,1.5,12000,2000,4000,15000,2000,,0,0,0,0,0,0,0,0,0
mp_downtown_gw,0,0,,,,,,,,SABF,SAS,FIVE,RUSF,USMC,SIX,FREE,1,,3000,5000,image_mp_map_templogo,loading_mp_dwntwn_dntsk_bg,1,0,25000,DXR_OFF,,1,0,,,1,,,,1.5,1.5,1.5,1.5,1.5,12000,2000,4000,15000,2000,,0,0,0,0,0,0,0,0,0
mp_exhume_gw,0,0,,,,,,,,ICORPS,SAS,SAS,SABF,FIVE,RUSF,FREE,1,,3000,5000,image_mp_map_templogo,,0,0,25000,DXR_OFF,,1,0,,,1,,,,1.5,1.5,1.5,1.5,1.5,12000,2000,4000,15000,2000,,0,0,0,0,0,0,0,0,0
mp_fishtown_6v6,0,0,,0.45,205,542,0,0,0.004,ICORPS,USMC,SAS,ZVIR,ICORPS,GRP9,FREE,,,,,image_mp_map_templogo,,0,0,,DXR_ON,,1,0,500,2500,1,,0.18,-0.02,1,1,1,1,1,12000,2000,4000,15000,2000,,0,0,0,0,0,0,0,0,0
mp_fishtown_gw,0,0,,0.45,205,542,0,0,0.004,ICORPS,USMC,SAS,ZVIR,ICORPS,GRP9,FREE,1,,3000,5000,loading_mp_fishtown_gw_bg_preview,loading_mp_fishtown_gw_bg,0,0,25000,DXR_OFF,,1,0,,,1,,,,1.5,1.5,1.5,1.5,1.5,12000,2000,4000,15000,2000,,0,0,0,0,0,0,0,0,0
mp_forsaken_gw,0,0,,,,,,,,ICORPS,SAS,SAS,SABF,FIVE,RUSF,FREE,1,,3000,5000,loading_mp_forsak_gw_bg_preview,loading_mp_forsake_gw_bg,0,0,25000,DXR_OFF,,1,0,,,1,,,,1.5,1.5,1.5,1.5,1.5,12000,2000,4000,15000,2000,,0,0,0,0,0,0,0,0,0
mp_float_bay_gw,0,0,,,,,,,,ICORPS,SAS,SAS,SABF,FIVE,RUSF,FREE,1,,3000,5000,image_mp_map_templogo,,0,0,25000,DXR_OFF,,1,0,,,1,,,,1.5,1.5,1.5,1.5,1.5,12000,2000,4000,15000,2000,,0,0,0,0,0,0,0,0,0
mp_fort_gw,0,0,,,,,,,,ICORPS,SAS,SAS,SABF,FIVE,RUSF,FREE,1,,3000,5000,image_mp_map_templogo,,0,0,25000,DXR_OFF,,1,0,,,1,,,,1.5,1.5,1.5,1.5,1.5,12000,2000,4000,15000,2000,,0,0,0,0,0,0,0,0,0
mp_hydro_gw,0,0,,,,,,,,ICORPS,SAS,SAS,SABF,FIVE,RUSF,FREE,1,,3000,5000,loading_mp_hydro_gw_bg_preview,loading_mp_hydro_gw_bg,0,0,25000,DXR_OFF,,1,0,,,1,,,,1.5,1.5,1.5,1.5,1.5,12000,2000,4000,15000,2000,,0,0,0,0,0,0,0,0,0
mp_lone_gw,0,0,,,,,,,,ICORPS,SAS,SAS,SABF,FIVE,RUSF,FREE,1,,3000,5000,loading_mp_lone_gw_bg_preview,loading_mp_lone_gw_bg,0,0,25000,DXR_OFF,,1,0,,,1,,,,1.5,1.5,1.5,1.5,1.5,12000,2000,4000,15000,2000,,0,0,0,0,0,0,0,0,0
mp_observe_gw,0,0,,,,,,,,ICORPS,USMC,SAS,SABF,FIVE,RUSF,FREE,1,,3000,5000,loading_mp_observ_gw_bg_preview,loading_mp_observatory_gw_bg,0,0,25000,DXR_OFF,,1,0,,,1,,,,1.5,1.5,1.5,1.5,1.5,12000,2000,4000,15000,2000,,0,0,0,0,0,0,0,0,0
mp_oilfield_gw,0,0,,,,,,,,ICORPS,SAS,SAS,SABF,FIVE,RUSF,FREE,1,,3000,5000,loading_mp_oil_gw_bg_preview,loading_mp_oilfield_gw_bg,0,0,25000,DXR_OFF,,1,0,,,1,,,,1.5,1.5,1.5,1.5,1.5,12000,2000,4000,15000,2000,,0,0,0,0,0,0,0,0,0
mp_oilfield_6v6,0,0,,0.45,205,542,0,0,0.004,RUSF,SAS,SAS,SABF,FIVE,SIX,FREE,,,,,loading_mp_oilfield_bg_preview,loading_mp_oilfield_bg,0,0,,DXR_ON,,0,0,700,3500,1,,0.06,-0.02,1,1,1,1,1,12000,2000,4000,15000,2000,,0,0,0,0,0,0,0,0,0
mp_pp_gw,0,0,,,,,,,,ICORPS,SAS,SAS,SABF,FIVE,RUSF,FREE,1,,3000,5000,image_mp_map_templogo,,0,0,25000,DXR_OFF,,1,0,,,1,,,,1.5,1.5,1.5,1.5,1.5,12000,2000,4000,15000,2000,,0,0,0,0,0,0,0,0,0
mp_prisonbreak,0,0,,,,,,,,ICORPS,SAS,SAS,SABF,FIVE,RUSF,FREE,1,,3000,5000,loading_mp_region_gw_bg_preview,loading_mp_regional_gw_bg,0,0,25000,DXR_OFF,,1,0,,,1,,,,1.5,1.5,1.5,1.5,1.5,12000,2000,4000,15000,2000,,0,0,0,0,0,0,0,0,0
mp_regional,0,0,,,,,,,,ICORPS,SAS,SAS,SABF,FIVE,RUSF,FREE,1,,3000,5000,loading_mp_region_gw_bg_preview,loading_mp_regional_gw_bg,0,0,25000,DXR_OFF,,1,0,,,1,,,,1.5,1.5,1.5,1.5,1.5,12000,2000,4000,15000,2000,,0,0,0,0,0,0,0,0,0
mp_regional_gw,0,0,,,,,,,,ICORPS,USMC,SAS,SABF,FIVE,RUSF,FREE,1,,3000,5000,loading_mp_region_gw_bg_preview,loading_mp_regional_gw_bg,0,0,25000,DXR_OFF,,1,0,,,1,,,,1.5,1.5,1.5,1.5,1.5,12000,2000,4000,15000,2000,,0,0,0,0,0,0,0,0,0
mp_sunken_gw,0,0,,,,,,,,ICORPS,SAS,SAS,SABF,FIVE,RUSF,FREE,1,,3000,5000,loading_mp_sunken_gw_bg_preview,loading_mp_sunken_gw_bg,0,0,25000,DXR_OFF,,1,0,,,1,,,,1.5,1.5,1.5,1.5,1.5,12000,2000,4000,15000,2000,,0,0,0,0,0,0,0,0,0
mp_wartorn,0,0,,0.45,205,542,0,0,0.004,RUSF,GRP9,SAS,ZVIR,ICORPS,GRP9,FREE,,,,,loading_mp_wartorn_bg_preview,loading_mp_wartorn_bg,0,0,,DXR_OFF,,0,0,700,3500,1,,0.06,-0.02,1,1,1,1,1,12000,2000,4000,15000,2000,,0,0,0,0,0,0,0,0,0
mp_wartorn_gw,0,0,,0.45,205,542,0,0,0.004,RUSF,GRP9,SAS,ZVIR,ICORPS,GRP9,FREE,1,,3000,5000,loading_mp_wartorn_gw_bg_preview,loading_mp_wartorn_gw_bg,0,0,25000,DXR_OFF,,1,0,,,1,,,,1.5,1.5,1.5,1.5,1.5,12000,2000,4000,15000,2000,,0,0,0,0,0,0,0,0,0
cp_smuggler,0,0,,,,,,,,,,,,,,,,,,,image_mp_map_templogo,loading_cp_smuggler_bg,,0,,DXR_OFF,icon_mode_cp_mission,1,0,,,1,,,,1,1,1,1,1,12000,2000,4000,15000,2000,,0,0,0,0,0,0,0,0,0
cp_dwn_twn_2,0,0,,,,,,,,,,,,,,,,,,,image_mp_map_templogo,loading_cp_dwn_twn_2_bg,,0,,DXR_OFF,icon_mode_cp_mission,1,0,,,1,,,,1,1,1,1,1,12000,2000,4000,15000,2000,,0,0,0,0,0,0,0,0,0
cp_arms_dealer,0,0,,,,,,,,,,,,,,,,,,,image_mp_map_templogo,loading_cp_arms_dealer_bg,,0,,DXR_OFF,icon_mode_cp_mission,1,0,,,1,,,,1,1,1,1,1,12000,2000,4000,15000,2000,,0,0,0,0,0,0,0,0,0
cp_landlord,0,0,,,,,,,,,,,,,,,,,,,image_mp_map_templogo,loading_cp_landlord_bg,,0,,DXR_OFF,icon_mode_cp_mission,1,0,,,1,,,,1,1,1,1,1,12000,2000,4000,15000,2000,,0,0,0,0,0,0,0,0,0
cp_piccadilly,0,0,,0.8,240,542,0,,,,,,,,,,,,,,image_mp_map_templogo,loading_mp_piccadilly_bg,,0,,DXR_ON,icon_mode_cp_mission,1,0,,,1,,,,1,1,1,1,1,12000,2000,4000,15000,2000,,0,0,0,0,0,0,0,0,0
cp_sv_aniyah,0,0,,0.64,240,542,0,,,,,,,,,,,,,,image_mp_map_templogo,loading_mp_aniyah_bg,,0,,DXR_OFF,icon_mode_cp_mission,1,0,,,1,,,,1,1,1,1,1,12000,2000,4000,15000,2000,,0,0,0,0,0,0,0,0,0
cp_sv_raid,0,0,,0.64,240,542,0,,,,,,,,,,,,,,image_mp_map_templogo,loading_mp_raid_bg,,0,,DXR_ON,icon_mode_cp_mission,1,0,,,1,,,,1,1,1,1,1,12000,2000,4000,15000,2000,,0,0,0,0,0,0,0,0,0
cp_sv_cave_pm,0,0,,0.64,240,542,0,,,,,,,,,,,,,,image_mp_map_templogo,loading_mp_cave_bg,,0,,DXR_ON,icon_mode_cp_mission,1,0,,,1,,,,1,1,1,1,1,12000,2000,4000,15000,2000,,0,0,0,0,0,0,0,0,0
cp_sv_backlot,0,0,,0.64,240,542,0,,,,,,,,,,,,,,image_mp_map_templogo,loading_mp_backlot2_bg,,0,,DXR_ON,icon_mode_cp_mission,1,0,,,1,,,,1,1,1,1,1,12000,2000,4000,15000,2000,,0,0,0,0,0,0,0,0,0
cp_sv_village2,0,0,,0.64,240,542,0,,,,,,,,,,,,,,image_mp_map_templogo,loading_mp_village2_bg,,0,,DXR_ON,icon_mode_cp_mission,1,0,,,1,,,,1,1,1,1,1,12000,2000,4000,15000,2000,,0,0,0,0,0,0,0,0,0
cp_sv_crash,0,0,,0.64,240,542,0,,,,,,,,,,,,,,image_mp_map_templogo,loading_mp_crash2_bg,,0,,DXR_ON,icon_mode_cp_mission,1,0,,,1,,,,1,1,1,1,1,12000,2000,4000,15000,2000,,0,0,0,0,0,0,0,0,0
cp_sv_speed,0,0,,0.64,240,542,0,,,,,,,,,,,,,,image_mp_map_templogo,loading_mp_m_speed_bg,,0,,DXR_ON,icon_mode_cp_mission,1,0,,,1,,,,1,1,1,1,1,12000,2000,4000,15000,2000,,0,0,0,0,0,0,0,0,0
cp_sv_petrograd,0,0,,0.64,240,542,0,,,,,,,,,,,,,,image_mp_map_templogo,loading_mp_petrograd_bg,,0,,DXR_ON,icon_mode_cp_mission,1,0,,,1,,,,1,1,1,1,1,12000,2000,4000,15000,2000,,0,0,0,0,0,0,0,0,0
cp_so_highway,0,0,,,D66CD67:F67,,,,,,,,,,,,,,,,image_mp_map_templogo,loading_cp_so_highway_bg,,0,,DXR_ON,icon_mode_cp_mission,1,0,,,1,,,,1,1,1,1,1,12000,2000,4000,15000,2000,,0,0,0,0,0,0,0,0,0
cp_so_embassy,0,0,,,,,,,,,,,,,,,,,,,image_mp_map_templogo,loading_cp_so_embassy_bg,,0,,DXR_ON,icon_mode_cp_mission,1,0,,,1,,,,1,1,1,1,1,12000,2000,4000,15000,2000,,0,0,0,0,0,0,0,0,0
cp_so_aniyah,0,0,,,,,,,,,,,,,,,,,,,image_mp_map_templogo,loading_mp_aniyah_bg,,0,,DXR_OFF,icon_mode_cp_mission,1,0,,,1,,,,1,1,1,1,1,12000,2000,4000,15000,2000,,0,0,0,0,0,0,0,0,0
cp_so_estate,0,0,,,,,,,,,,,,,,,,,,,image_mp_map_templogo,loading_cp_so_estate_bg,,0,,DXR_ON,icon_mode_cp_mission,1,0,,,1,,,,1,1,1,1,1,12000,2000,4000,15000,2000,,0,0,0,0,0,0,0,0,0
cp_so_finale,0,0,,,,,,,,,,,,,,,,,,,image_mp_map_templogo,loading_cp_so_finale_bg,,0,,DXR_ON,icon_mode_cp_mission,1,0,,,1,,,,1,1,1,1,1,12000,2000,4000,15000,2000,,0,0,0,0,0,0,0,0,0
cp_so_safehouse,0,0,,,,,,,,,,,,,,,,,,,image_mp_map_templogo,loading_cp_so_safehouse_bg,,0,,DXR_ON,icon_mode_cp_mission,1,0,,,1,,,,1,1,1,1,1,12000,2000,4000,15000,2000,,0,0,0,0,0,0,0,0,0
cp_landlord_2,0,0,,,,,,,,,,,,,,,,,,,image_mp_map_templogo,loading_cp_landlord_bg,,0,,DXR_OFF,icon_mode_cp_mission,1,0,,,1,,,,1,1,1,1,1,12000,2000,4000,15000,2000,,0,0,0,0,0,0,0,0,0
cp_armsdealer_2,0,0,,,,,,,,,,,,,,,,,,,image_mp_map_templogo,loading_cp_arms_dealer_bg,,0,,DXR_OFF,icon_mode_cp_mission,1,0,,,1,,,,1,1,1,1,1,12000,2000,4000,15000,2000,,0,0,0,0,0,0,0,0,0
cp_smuggler_2,0,0,,,,,,,,,,,,,,,,,,,image_mp_map_templogo,loading_cp_smuggler_bg,,0,,DXR_OFF,icon_mode_cp_mission,1,0,,,1,,,,1,1,1,1,1,12000,2000,4000,15000,2000,,0,0,0,0,0,0,0,0,0
hvt_launderer_2,0,0,,,,,,,,,,,,,,,,,,,image_mp_map_templogo,loading_cp_dwn_twn_2_bg,,0,,DXR_OFF,icon_mode_cp_mission,1,0,,,1,hvt_launderer_2,,,1,1,1,1,1,12000,2000,4000,15000,2000,,0,0,0,0,0,0,0,0,0
mp_t_reflex,0,0,,,,,,,,,,,,,,,,,,,image_mp_map_templogo,loading_mp_t_reflex_bg,,0,,DXR_ON,,1,0,,,1,,,,1,1,1,1,1,12000,2000,4000,15000,2000,,0,0,0,0,0,0,0,0,0
mp_br_tut,0,0,,0.1,200,500,,,,,,,,,,,1,,500,1000,image_mp_map_templogo,loading_mp_br_tut_bg,,0,2000,DXR_ON,,1,,,,,,,,1,1,1,1,1,12000,2000,4000,15000,2000,,0,0,0,0,0,0,0,0,0
mp_bm_tut,0,0,,0.1,200,500,,,,,,,,,,,1,,500,1000,image_mp_map_templogo,loading_mp_br_tut_bg,,0,2000,DXR_ON,,1,,,,,,,,1,1,1,1,1,12000,2000,4000,15000,2000,,0,0,0,0,0,0,0,0,0
cp_dntsk_raid,0,0,,,,,,,,,,,,,,,,,,,image_mp_map_templogo,loading_cp_landlord_bg,,0,,DXR_OFF,icon_mode_cp_raid,1,0,,,1,,,,1,1,1,1,1,12000,2000,4000,15000,2000,,0,0,0,0,0,0,0,0,0
cp_raid_complex,0,0,,,,,,,,,,,,,,,,,,,image_mp_map_templogo,loading_cp_landlord_bg,,0,,DXR_OFF,icon_mode_cp_raid,1,0,,,1,,,,1,1,1,1,1,12000,2000,4000,15000,2000,,0,0,0,0,0,0,0,0,0
cp_donetsk,0,0,,,,,,,,,,,,,,,,,,,image_mp_map_templogo,loading_cp_landlord_bg,,0,,DXR_OFF,icon_mode_cp_mission,1,0,,,1,,,,1,1,1,1,1,12000,2000,4000,15000,2000,,0,0,0,0,0,0,0,0,0
cp_sv_bigstore,0,0,,0.64,240,542,0,,,,,,,,,,,,,,image_mp_map_templogo,loading_mp_emporium_bg,,0,,DXR_ON,icon_mode_cp_mission,1,0,,,1,,,,1,1,1,1,1,12000,2000,4000,15000,2000,,0,0,0,0,0,0,0,0,0
cp_sv_vacant,0,0,,0.64,240,542,0,,,,,,,,,,,,,,image_mp_map_templogo,loading_mp_vacant_bg,,0,,DXR_ON,icon_mode_cp_mission,1,0,,,1,,,,1,1,1,1,1,12000,2000,4000,15000,2000,,0,0,0,0,0,0,0,0,0
mp_kstenod,0,0,,,,,,,,RUSF,SAS,RUSF,SAS,RUSF,SAS,FREE,1,,15000,25000,image_mp_map_templogo,loading_mp_donetsk_bg,0,0,,DXR_OFF,,1,0,,,1,,,,1,1,1,1,1,12000,2000,4000,15000,2000,,0,0,0,0,0,0,0,0,0
cp_raid_proto,0,0,,,,,,,,,,,,,,,,,,,image_mp_map_templogo,loading_cp_landlord_bg,,0,,DXR_ON,icon_mode_cp_raid,1,0,,,1,,,,1,1,1,1,1,12000,2000,4000,15000,2000,,0,0,0,0,0,0,0,0,0
cp_port02,0,0,,,,,,,,,,,,,,,1,,6000,12000,image_mp_map_templogo,loading_cp_landlord_bg,,0,,DXR_ON,icon_mode_cp_mission,1,0,,,1,,,,1,1,1,1,1,12000,2000,4000,15000,2000,,0,0,0,0,0,0,0,0,0
cp_mission_bads,0,0,,,,,,,,,,,,,,,,,,,image_mp_map_templogo,loading_cp_landlord_bg,,0,,DXR_ON,icon_mode_cp_mission,1,0,,,1,,,,1,1,1,1,1,12000,2000,4000,15000,2000,,0,0,0,0,0,0,0,0,0
cp_mission_nuke,0,0,,,,,,,,,,,,,,,,,,,image_mp_map_templogo,loading_cp_landlord_bg,,0,,DXR_ON,icon_mode_cp_mission,1,0,,,1,,,,1,1,1,1,1,12000,2000,4000,15000,2000,,0,0,0,0,0,0,0,0,0
cp_mission_esc,0,0,,,,,,,,,,,,,,,,,,,loading_cp_mission_esc_bg_preview,loading_cp_mission_esc_bg,,0,,DXR_ON,icon_mode_cp_mission,1,0,,,1,,,,1,1,1,1,1,12000,2000,4000,15000,2000,,0,0,0,0,0,0,0,0,0
cp_ai_tests,0,0,,,,,,,,,,,,,,,,,,,image_mp_map_templogo,loading_cp_landlord_bg,,0,,DXR_ON,icon_mode_cp_mission,1,0,,,1,,,,1,1,1,1,1,12000,2000,4000,15000,2000,,0,0,0,0,0,0,0,0,0
cp_quarry03,0,0,,,,,,,,,,,,,,,,,,,image_mp_map_templogo,loading_cp_landlord_bg,,0,,DXR_ON,icon_mode_cp_mission,1,0,,,1,,,,1,1,1,1,1,12000,2000,4000,15000,2000,,0,0,0,0,0,0,0,0,0
cp_mechanics,0,0,,,,,,,,,,,,,,,,,,,image_mp_map_templogo,loading_cp_landlord_bg,,0,,DXR_ON,icon_mode_cp_mission,1,0,,,1,,,,1,1,1,1,1,12000,2000,4000,15000,2000,,0,0,0,0,0,0,0,0,0
cp_observatory,0,0,,,,,,,,,,,,,,,1,,6000,12000,loading_cp_observatory_bg_preview,loading_cp_observatory_bg,,0,,DXR_ON,icon_mode_cp_mission,1,0,,,1,,,,1,1,1,1,1,12000,2000,4000,15000,2000,,0,0,0,0,0,0,0,0,0
cp_hydro,0,0,,,,,,,,,,,,,,,,,,,loading_cp_hydro_bg_preview,loading_cp_hydro_bg,,0,,DXR_ON,icon_mode_cp_mission,1,0,,,1,,,,1,1,1,1,1,12000,2000,4000,15000,2000,,0,0,0,0,0,0,0,0,0
cp_raid1test,0,0,,,,,,,,,,,,,,,,,,,image_mp_map_templogo,loading_cp_landlord_bg,,0,,DXR_ON,icon_mode_cp_raid,1,0,,,1,,,,1,1,1,1,1,12000,2000,4000,15000,2000,,0,0,0,0,0,0,0,0,0
mp_hydro_bads,0,0,,,,,,,,SIX,SAS,SAS,SABF,FIVE,RUSF,FREE,1,,4000,6000,image_mp_map_templogo,loading_mp_hydro_gw_bg,0,0,25000,DXR_OFF,,1,0,,,1,,,,1.5,1.5,1.5,1.5,1.5,12000,2000,4000,15000,2000,,0,0,0,0,0,0,0,0,0
cp_tf_test,0,0,,,,,,,,,,,,,,,,,,,image_mp_map_templogo,loading_cp_landlord_bg,,0,,DXR_ON,icon_mode_cp_mission,1,0,,,1,,,,1,1,1,1,1,12000,2000,4000,15000,2000,,0,0,0,0,0,0,0,0,0
cp_exhume,0,0,,,,,,,,,,,,,,,,,,,image_mp_map_templogo,loading_cp_landlord_bg,,0,,DXR_ON,icon_mode_cp_mission,1,0,,,1,,,,1,1,1,1,1,12000,2000,4000,15000,2000,,0,0,0,0,0,0,0,0,0
cp_raid1_maze,0,0,,,,,,,,,,,,,,,,,,,image_mp_map_templogo,loading_cp_landlord_bg,,0,,DXR_ON,icon_mode_cp_raid,1,0,,,1,,,,1,1,1,1,1,12000,2000,4000,15000,2000,,0,0,0,0,0,0,0,0,0
cp_raid1_nums,0,0,,,,,,,,,,,,,,,,,,,image_mp_map_templogo,loading_cp_landlord_bg,,0,,DXR_ON,icon_mode_cp_raid,1,0,,,1,,,,1,1,1,1,1,12000,2000,4000,15000,2000,,0,0,0,0,0,0,0,0,0
cp_raid1_boss1,0,0,,,,,,,,,,,,,,,,,,,loading_cp_rd1_boss1_bg_preview,loading_cp_raid1_boss1_bg,,0,,DXR_ON,icon_mode_cp_raid,1,0,,,1,,,,1,1,1,1,1,12000,2000,4000,15000,2000,,0,0,0,0,0,0,0,0,0
cp_raid1_intro,0,0,,,,,,,,,,,,,,,,,,,image_mp_map_templogo,loading_cp_landlord_bg,,0,,DXR_ON,icon_mode_cp_raid,1,0,,,1,,,,1,1,1,1,1,12000,2000,4000,15000,2000,,0,0,0,0,0,0,0,0,0
cp_raid1,0,0,,,,,,,,,,,,,,,,,,,loading_cp_raid1_bg_preview,loading_cp_raid1_bg,,0,,DXR_ON,icon_mode_cp_raid,1,0,,,1,,,,1,1,1,1,1,12000,2000,4000,15000,2000,,0,0,0,0,0,0,0,0,0
cp_raid1_trap,0,0,,,,,,,,,,,,,,,,,,,loading_cp_raid1_trap_bg_preview,loading_cp_raid1_trap_bg,,0,,DXR_ON,icon_mode_cp_raid,1,0,,,1,,,,1,1,1,1,1,12000,2000,4000,15000,2000,,0,0,0,0,0,0,0,0,0
mp_benchmark,0,0,,,,,,,,SIX,SAS,SAS,SABF,FIVE,RUSF,FREE,1,,3000,5000,image_mp_map_templogo,loading_mp_benchmark_bg,0,0,25000,DXR_OFF,,1,0,,,1,,,,1.5,1.5,1.5,1.5,1.5,12000,2000,4000,15000,2000,,0,0,0,0,0,0,0,0,0
cp_hostage,0,0,,,,,,,,,,,,,,,,,,,image_mp_map_templogo,loading_cp_landlord_bg,,0,,DXR_ON,icon_mode_cp_mission,1,0,,,1,,,,1,1,1,1,1,12000,2000,4000,15000,2000,,0,0,0,0,0,0,0,0,0
cp_lone,0,0,,,,,,,,,,,,,,,1,,6000,,loading_cp_lone_bg_preview,loading_cp_lone_bg,,0,,DXR_ON,icon_mode_cp_mission,1,0,,,1,,,,1,1,1,1,1,12000,2000,4000,15000,2000,,0,0,0,0,0,0,0,0,0
cp_mission_high_ground,0,0,,,,,,,,,,,,,,,,,,,loading_cp_high_ground_bg,loading_cp_high_ground_bg,,0,,DXR_ON,icon_mode_cp_mission,1,0,,,1,cp_mission_high_ground,,,1,1,1,1,1,12000,2000,4000,15000,2000,,0,0,0,0,0,0,0,0,0
cp_jugg_maze,0,0,,,,,,,,,,,,,,,1,,6000,,loading_cp_jugg_maze_bg_preview,loading_cp_jugg_maze_bg,,0,,DXR_ON,icon_mode_cp_raid,1,0,,,1,,,,1,1,1,1,1,12000,2000,4000,15000,2000,,0,0,0,0,0,0,0,0,0
mp_jup_skidrow,0,0,,0.45,205,542,0,0,0.004,SPTNZ,RANGERS,OPFOR,ZVIR,ICORPS,GRP9,FREE,,,,,loading_mp_jup_skidrow_bg_preview,loading_mp_jup_skidrow_bg,0,0,,DXR_ON,,0,0,700,3500,1,,0.06,-0.02,1,1,1,1,1,12000,2000,4000,15000,2000,,0,0,0,0,0,0,0,0,0
mp_jup_invasion,0,0,,0.45,205,542,0,0,0.004,OPFOR,RANGERS,SAS,ZVIR,ICORPS,GRP9,FREE,,,,,loading_mp_jup_invasion_bg_preview,loading_mp_jup_invasion_bg,0,0,,DXR_ON,,0,0,700,3500,1,,0.06,-0.02,1,1,1,1,1,12000,2000,4000,15000,2000,,0,0,0,0,0,0,0,0,0
mp_jup_karachi,0,0,,0.45,205,542,0,0,0.004,OPFOR,TF141,OPFOR,ZVIR,ICORPS,GRP9,FREE,,,,,loading_mp_jup_karachi_bg_preview,loading_mp_jup_karachi_bg,0,0,,DXR_ON,,0,0,700,3500,1,,0.06,-0.02,1,1,1,1,1,12000,2000,4000,15000,2000,,0,0,0,0,0,0,0,0,0
mp_jup_afghan_v2,0,0,,0.45,205,542,0,0,0.004,OPFOR,NAVY,OPFOR,ZVIR,ICORPS,GRP9,FREE,,,,,loading_mp_jup_afghan_v2_bg_preview,loading_mp_jup_afghan_v2_bg,,0,,DXR_ON,,1,0,700,3500,1,,0.06,-0.02,1,1,1,1,1,12000,2000,4000,15000,2000,,0,0,0,0,0,0,0,0,0
mp_jup_arcade,0,0,,0.45,205,542,0,0,0.004,SPTNZ,TF141,OPFOR,ZVIR,ICORPS,GRP9,FREE,,,,,loading_mp_jup_arcade_bg_preview,loading_mp_jup_arcade_bg,0,0,,DXR_ON,,0,0,700,3500,1,,0.06,-0.02,1,1,1,1,1,12000,2000,4000,15000,2000,,0,0,0,0,0,0,0,0,0
mp_jup_delayed,0,0,,0.45,205,542,0,0,0.004,SPTNZ,TF141,OPFOR,ZVIR,ICORPS,GRP9,FREE,,,,,loading_mp_jup_delayed_bg_preview,loading_mp_jup_delayed_bg,0,0,,DXR_ON,,0,0,700,3500,1,,0.06,-0.02,1,1,1,1,1,12000,2000,4000,15000,2000,,0,0,0,0,0,0,0,0,0
mp_jup_derail,0,0,,0.45,205,542,0,0,0.004,SPTNZ,TF141,OPFOR,ZVIR,ICORPS,GRP9,FREE,,,,,loading_mp_jup_derail_bg_preview,loading_mp_jup_derail_bg,,0,,DXR_ON,,1,0,700,3500,1,,0.06,-0.02,1,1,1,1,1,12000,2000,4000,15000,2000,,0,0,0,0,0,0,0,0,0
mp_jup_estate,0,0,,0.45,205,542,0,0,0.004,SPTNZ,TF141,OPFOR,ZVIR,ICORPS,GRP9,FREE,,,,,loading_mp_jup_estate_bg_preview,loading_mp_jup_estate_bg,0,0,,DXR_ON,,0,0,700,3500,1,,0.06,-0.02,1,1,1,1,1,12000,2000,4000,15000,2000,,0,0,0,0,0,0,0,0,0
mp_jup_favela,0,0,,0.45,205,542,0,0,0.004,MILI,TF141,OPFOR,ZVIR,ICORPS,GRP9,FREE,,,,,loading_mp_jup_favela_bg_preview,loading_mp_jup_favela_bg,0,0,,DXR_ON,,0,0,700,3500,1,,0.06,-0.02,1,1,1,1,1,12000,2000,4000,15000,2000,,0,0,0,0,0,0,0,0,0
mp_jup_greece,0,0,,0.45,205,542,0,0,0.004,SPTNZ,TF141,OPFOR,ZVIR,ICORPS,GRP9,FREE,,,,,loading_mp_jup_greece_bg_preview,loading_mp_jup_greece_bg,0,0,,DXR_ON,,0,0,700,3500,1,,0.06,-0.02,1,1,1,1,1,12000,2000,4000,15000,2000,,0,0,0,0,0,0,0,0,0
mp_jup_highrise,0,0,,0.45,205,542,0,0,0.004,SPTNZ,RANGERS,OPFOR,ZVIR,ICORPS,GRP9,FREE,,,,,loading_mp_jup_highrise_bg_preview,loading_mp_jup_highrise_bg,,0,,DXR_ON,,1,0,700,3500,1,,0.06,-0.02,1,1,1,1,1,12000,2000,4000,15000,2000,,0,0,0,0,0,0,0,0,0
mp_jup_quarry,0,0,,0.45,205,542,0,0,0.004,MILI,TF141,OPFOR,ZVIR,ICORPS,GRP9,FREE,,,,,loading_mp_jup_quarry_bg_preview,loading_mp_jup_quarry_bg,,0,,DXR_ON,,1,0,700,3500,1,,0.06,-0.02,1,1,1,1,1,12000,2000,4000,15000,2000,,0,0,0,0,0,0,0,0,0
mp_jup_rundown,0,0,,0.45,205,542,0,0,0.004,MILI,TF141,OPFOR,ZVIR,ICORPS,GRP9,FREE,,,,,loading_mp_jup_rundown_bg_preview,loading_mp_jup_rundown_bg,,0,,DXR_ON,,1,0,700,3500,1,,0.06,-0.02,1,1,1,1,1,12000,2000,4000,15000,2000,,0,0,0,0,0,0,0,0,0
mp_jup_rust,0,0,,0.45,205,542,0,0,0.004,OPFOR,TF141,OPFOR,ZVIR,ICORPS,GRP9,FREE,,,,,loading_mp_jup_rust_bg_preview,loading_mp_jup_rust_bg,0,0,,DXR_ON,,0,0,700,3500,1,,0.06,-0.02,1,1,1,1,1,12000,2000,4000,15000,2000,,0,0,0,0,0,0,0,0,0
mp_jup_scrapyard,0,0,,0.45,205,542,0,0,0.004,OPFOR,TF141,OPFOR,ZVIR,ICORPS,GRP9,FREE,,,,,loading_mp_jup_scrapyard_bg_preview,loading_mp_jup_scrapyard_bg,0,0,,DXR_ON,,0,0,700,3500,1,,0.06,-0.02,1,1,1,1,1,12000,2000,4000,15000,2000,,0,0,0,0,0,0,0,0,0
mp_jup_subbase,0,0,,0.45,205,542,0,0,0.004,SPTNZ,NAVY,OPFOR,ZVIR,ICORPS,GRP9,FREE,,,,,loading_mp_jup_subbase_bg_preview,loading_mp_jup_subbase_bg,,0,,DXR_ON,,1,0,700,3500,1,,0.06,-0.02,1,1,1,1,1,12000,2000,4000,15000,2000,,0,0,0,0,0,0,0,0,0
mp_jup_terminal,0,0,,0.45,205,542,0,0,0.004,SPTNZ,RANGERS,OPFOR,ZVIR,ICORPS,GRP9,FREE,,,,,loading_mp_jup_terminal_bg_preview,loading_mp_jup_terminal_bg,,0,,DXR_ON,,1,0,700,3500,1,,0.06,-0.02,1,1,1,1,1,12000,2000,4000,15000,2000,,0,0,0,0,0,0,0,0,0
mp_jup_underpass,0,0,,0.45,205,542,0,0,0.004,MILI,TF141,OPFOR,ZVIR,ICORPS,GRP9,FREE,,,,,loading_mp_jup_underpass_bg_preview,loading_mp_jup_underpass_bg,,0,,DXR_ON,,1,0,700,3500,1,,0.06,-0.02,1,1,1,1,1,12000,2000,4000,15000,2000,,0,0,0,0,0,0,0,0,0
mp_jup_wasteland,0,0,,0.45,205,542,0,0,0.004,SPTNZ,TF141,OPFOR,ZVIR,ICORPS,GRP9,FREE,,,,,loading_mp_jup_wasteland_bg_preview,loading_mp_jup_wasteland_bg,,0,,DXR_ON,,1,0,700,3500,1,,0.06,-0.02,1,1,1,1,1,12000,2000,4000,15000,2000,,0,0,0,0,0,0,0,0,0
cp_skyscraper,0,0,,,,,,,,,,,,,,,1,,6000,,image_mp_map_templogo,loading_cp_landlord_bg,,0,,DXR_ON,icon_mode_cp_mission,1,0,,,1,,,,1,1,1,1,1,12000,2000,4000,15000,2000,,0,0,0,0,0,0,0,0,0
mp_jup_launchfacility,0,0,,0.45,205,542,0,0,0.004,SPTNZ,TF141,OPFOR,ZVIR,ICORPS,GRP9,FREE,,,,,image_mp_map_templogo,loading_mp_benchmark_bg,,0,,DXR_ON,,1,0,700,3500,1,,0.06,-0.02,1,1,1,1,1,12000,2000,4000,15000,2000,,0,0,0,0,0,0,0,0,0
mp_jup_st_c_gw_wz,0,0,,0.45,205,542,0,0,0.004,OPFOR,TF141,OPFOR,ZVIR,ICORPS,GRP9,FREE,,,3000,5000,image_mp_map_templogo,loading_mp_benchmark_bg,,0,,DXR_ON,,1,0,700,3500,1,,0.06,-0.02,1,1,1,1,1,12000,2000,4000,15000,2000,,0,0,0,0,0,0,0,0,0
mp_jup_gw_fallout_wz,0,0,,0.45,205,542,0,0,0.004,OPFOR,TF141,OPFOR,ZVIR,ICORPS,GRP9,FREE,,,3000,5000,image_mp_map_templogo,loading_mp_benchmark_bg,,0,,DXR_ON,,1,0,700,3500,1,,0.06,-0.02,1,1,1,1,1,12000,2000,4000,15000,2000,,0,0,0,0,0,0,0,0,0
mp_jup_resort_gw_wz,0,0,,0.45,205,542,0,0,0.004,OPFOR,TF141,OPFOR,ZVIR,ICORPS,GRP9,FREE,,,3000,5000,image_mp_map_templogo,loading_mp_benchmark_bg,,0,,DXR_ON,,1,0,700,3500,1,,0.06,-0.02,1,1,1,1,1,12000,2000,4000,15000,2000,,0,0,0,0,0,0,0,0,0
mp_jup_shipment_iw9,0,0,,0.45,205,542,0,0,0.004,OPFOR,TF141,OPFOR,ZVIR,ICORPS,GRP9,FREE,,,,,loading_mp_shipment_bg_preview,loading_mp_shipment_bg,0,0,,DXR_ON,,0,0,700,3500,1,,0.06,-0.02,1,1,1,1,1,12000,2000,4000,15000,2000,,0,0,0,0,0,0,0,0,0
mp_jup_shoothouse2,0,0,,0.45,205,542,0,0,0.004,OPFOR,TF141,OPFOR,ZVIR,ICORPS,GRP9,FREE,,,,,loading_mp_shoot_bg_preview,loading_mp_shoot_bg,0,0,,DXR_ON,,0,0,700,3500,1,,0.06,-0.02,1,1,1,1,1,12000,2000,4000,15000,2000,,0,0,0,0,0,0,0,0,0
mp_jup_observatory,0,0,,0.45,205,542,0,0,0.004,OPFOR,TF141,OPFOR,ZVIR,ICORPS,GRP9,FREE,,,,,loading_mp_observ_bg_preview,loading_mp_observatory_bg,0,0,,DXR_ON,,0,0,700,3500,1,,0.06,-0.02,1,1,1,1,1,12000,2000,4000,15000,2000,,0,0,0,0,0,0,0,0,0
mp_jup_farm_18,0,0,,0.45,205,542,0,0,0.004,OPFOR,TF141,OPFOR,ZVIR,ICORPS,GRP9,FREE,,,,,loading_mp_farm_18_bg_preview,loading_mp_farm_18_bg,0,0,,DXR_ON,,0,0,700,3500,1,,0.06,-0.02,1,1,1,1,1,12000,2000,4000,15000,2000,,0,0,0,0,0,0,0,0,0
mp_jup_swap_meet,0,0,,0.45,205,542,0,0,0.004,OPFOR,TF141,OPFOR,ZVIR,ICORPS,GRP9,FREE,,,,,loading_mp_swap_meet_bg_preview,loading_mp_swap_meet_bg,0,0,,DXR_ON,,0,0,700,3500,1,,0.06,-0.02,1,1,1,1,1,12000,2000,4000,15000,2000,,0,0,0,0,0,0,0,0,0
mp_jup_luxury,0,0,,0.45,205,542,0,0,0.004,OPFOR,TF141,OPFOR,ZVIR,ICORPS,GRP9,FREE,,,,,loading_mp_luxury_bg_preview,loading_mp_luxury_bg,0,0,,DXR_ON,,0,0,700,3500,1,,0.06,-0.02,1,1,1,1,1,12000,2000,4000,15000,2000,,0,0,0,0,0,0,0,0,0
mp_jup_grandprix_pm_2,0,0,,0.45,205,542,0,0,0.004,OPFOR,TF141,OPFOR,ZVIR,ICORPS,GRP9,FREE,,,,,loading_mp_grandprix_pm_2_bg_preview,loading_mp_grandprix_pm_2_bg,0,0,,DXR_ON,,0,0,700,3500,1,,0.06,-0.02,1,1,1,1,1,12000,2000,4000,15000,2000,,0,0,0,0,0,0,0,0,0
mp_jup_m_alley,0,0,,0.45,205,542,0,0,0.004,OPFOR,TF141,OPFOR,ZVIR,ICORPS,GRP9,FREE,,,,,loading_mp_m_alley_bg_preview,loading_mp_m_alley_bg,0,0,,DXR_ON,,0,0,700,3500,1,,0.06,-0.02,1,1,1,1,1,12000,2000,4000,15000,2000,,0,0,0,0,0,0,0,0,0
mp_jup_m_blacksite2,0,0,,0.45,205,542,0,0,0.004,OPFOR,TF141,OPFOR,ZVIR,ICORPS,GRP9,FREE,,,,,loading_mp_m_black_bg_preview,loading_mp_m_blacksite2_bg,0,0,,DXR_ON,,0,0,700,3500,1,,0.06,-0.02,1,1,1,1,1,12000,2000,4000,15000,2000,,0,0,0,0,0,0,0,0,0
mp_jup_m_exhibit,0,0,,0.45,205,542,0,0,0.004,OPFOR,TF141,OPFOR,ZVIR,ICORPS,GRP9,FREE,,,,,loading_mp_m_exhibit_bg_preview,loading_mp_m_exhibit_bg,0,0,,DXR_ON,,0,0,700,3500,1,,0.06,-0.02,1,1,1,1,1,12000,2000,4000,15000,2000,,0,0,0,0,0,0,0,0,0
mp_jup_benchmark,0,0,,0.45,205,542,0,0,0.004,SPTNZ,TF141,OPFOR,ZVIR,ICORPS,GRP9,FREE,,,,,loading_mp_jup_estate_bg_preview,loading_mp_jup_estate_bg,0,0,,DXR_ON,,0,0,700,3500,1,,0.06,-0.02,1,1,1,1,1,12000,2000,4000,15000,2000,,0,0,0,0,0,0,0,0,0
mp_mgl_hardhat,0,0,,0.45,205,542,0,0,0.004,RUSF,SAS,SAS,SABF,FIVE,SIX,FREE,,,,,loading_mp_mgl_hardhat_bg_preview,loading_mp_mgl_hardhat_bg,0,0,,DXR_ON,,0,0,500,2500,1,,0.18,-0.02,1,1,1,1,1,12000,2000,4000,15000,2000,,0,0,0,0,0,0,0,0,0
mp_mgl_rust,0,0,,0.45,205,542,0,0,0.004,RUSF,SAS,SAS,SABF,FIVE,SIX,FREE,,,,,loading_mp_mgl_rust_bg_preview,loading_mp_mgl_rust_bg,0,0,,DXR_ON,,0,0,500,2500,1,,0.18,-0.02,1,1,1,1,1,12000,2000,4000,15000,2000,,0,0,0,0,0,0,0,0,0
