16619,jup_weekly_ch_s0_mp_w1_d4_merciless_kills,0,0,3,1000,,0,1,MP,1699466400,1701885599
16618,jup_weekly_ch_s0_mp_w1_d3_point_blank_lmg_kills,0,0,15,7500,,0,1,MP,1699466400,1701885599
16617,jup_weekly_ch_s0_mp_w1_d3_hipfire_lmg_kills,0,0,15,7500,,0,1,MP,1699466400,1701885599
15608,jup_weekly_ch_s0_mp_w1_d2_tac_stance_kills,0,0,20,5000,,0,1,MP,1699466400,1701885599
16616,jup_weekly_ch_s0_mp_w1_d2_pkilop_kills,0,0,20,5000,,0,1,MP,1699466400,1701885599
15606,jup_weekly_ch_s0_mp_w1_d2_crouch_kills,0,0,15,5000,,0,1,MP,1699466400,1701885599
15605,jup_weekly_ch_s0_mp_w1_d1_kills,0,0,20,2500,,0,1,MP,1699466400,1701885599
15305,jup_aa_s0_w1_dmz_0,0,0,1,,,0,1,DMZ,1699466400,1701885599
15306,jup_aa_s0_w1_dmz_1,0,0,1,,,0,1,DMZ,1699466400,1701885599
15307,jup_aa_s0_w1_dmz_2,0,0,1,,,0,1,DMZ,1699466400,1701885599
15308,jup_aa_s0_w1_dmz_3,0,0,1,,,0,1,DMZ,1699466400,1701885599
15309,jup_aa_s0_w1_dmz_4,0,0,1,,,0,1,DMZ,1699466400,1701885599
15310,jup_aa_s0_w1_dmz_5,0,0,1,,,0,1,DMZ,1699466400,1701885599
15311,jup_aa_s0_w1_dmz_6,0,0,1,,,0,1,DMZ,1699466400,1701885599
15313,jup_aa_s0_w1_zm_0,0,0,1,,,0,1,ZM,1699466400,1701885599
15314,jup_aa_s0_w1_zm_1,0,0,1,,,0,1,ZM,1699466400,1701885599
15315,jup_aa_s0_w1_zm_2,0,0,1,,,0,1,ZM,1699466400,1701885599
15316,jup_aa_s0_w1_zm_3,0,0,1,,,0,1,ZM,1699466400,1701885599
15317,jup_aa_s0_w1_zm_4,0,0,1,,,0,1,ZM,1699466400,1701885599
15318,jup_aa_s0_w1_zm_5,0,0,1,,,0,1,ZM,1699466400,1701885599
15319,jup_aa_s0_w1_zm_6,0,0,1,,,0,1,ZM,1699466400,1701885599
15321,jup_aa_tracker_s0_w1,0,0,5,,,0,1,WeeklyTracker,1699639200,1701885599
15297,jup_aa_s0_w1_br_0,0,0,1,,,0,1,BR,1699466400,1701885599
15298,jup_aa_s0_w1_br_1,0,0,1,,,0,1,BR,1699466400,1701885599
15299,jup_aa_s0_w1_br_2,0,0,1,,,0,1,BR,1699466400,1701885599
15300,jup_aa_s0_w1_br_3,0,0,1,,,0,1,BR,1699466400,1701885599
15301,jup_aa_s0_w1_br_4,0,0,1,,,0,1,BR,1699466400,1701885599
15302,jup_aa_s0_w1_br_5,0,0,1,,,0,1,BR,1699466400,1701885599
15303,jup_aa_s0_w1_br_6,0,0,1,,,0,1,BR,1699466400,1701885599
14643,jup_aa_tracker_season_0,0,0,2,,,0,0,SeasonTracker,1699639200,1701885599
16623,jup_weekly_ch_s0_mp_w2_d3_scoped_qbravo95_kills,0,0,15,7500,,0,2,MP,1700071200,1701885599
16622,jup_weekly_ch_s0_mp_w2_d3_qbravo95_longshot_kills,0,0,10,7500,,0,2,MP,1700071200,1701885599
16621,jup_weekly_ch_s0_mp_w2_d2_ar_headshots,0,0,15,5000,,0,2,MP,1700071200,1701885599
16620,jup_weekly_ch_s0_mp_w2_d2_qbravo95_kills,0,0,20,5000,,0,2,MP,1700071200,1701885599
15613,jup_weekly_ch_s0_mp_w2_d2_equipment_destroys,0,0,5,5000,,0,2,MP,1700071200,1701885599
15612,jup_weekly_ch_s0_mp_w2_d1_assists,0,0,15,2500,,0,2,MP,1700071200,1701885599
16624,jup_weekly_ch_s0_mp_w2_d4_collateral_kills,0,0,3,10000,,0,2,MP,1700071200,1701885599
15428,jup_aa_s0_w2_br_0,0,0,1,,,0,2,BR,1700071200,1701885599
15429,jup_aa_s0_w2_br_1,0,0,1,,,0,2,BR,1700071200,1701885599
15430,jup_aa_s0_w2_br_2,0,0,1,,,0,2,BR,1700071200,1701885599
15431,jup_aa_s0_w2_br_3,0,0,1,,,0,2,BR,1700071200,1701885599
15432,jup_aa_s0_w2_br_4,0,0,1,,,0,2,BR,1700071200,1701885599
15433,jup_aa_s0_w2_br_5,0,0,1,,,0,2,BR,1700071200,1701885599
15434,jup_aa_s0_w2_br_6,0,0,1,,,0,2,BR,1700071200,1701885599
15435,jup_aa_s0_w2_dmz_0,0,0,1,,,0,2,DMZ,1700071200,1701885599
15436,jup_aa_s0_w2_dmz_1,0,0,1,,,0,2,DMZ,1700071200,1701885599
15437,jup_aa_s0_w2_dmz_2,0,0,1,,,0,2,DMZ,1700071200,1701885599
15438,jup_aa_s0_w2_dmz_3,0,0,1,,,0,2,DMZ,1700071200,1701885599
15439,jup_aa_s0_w2_dmz_4,0,0,1,,,0,2,DMZ,1700071200,1701885599
15440,jup_aa_s0_w2_dmz_5,0,0,1,,,0,2,DMZ,1700071200,1701885599
15441,jup_aa_s0_w2_dmz_6,0,0,1,,,0,2,DMZ,1700071200,1701885599
15442,jup_aa_s0_w2_zm_0,0,0,1,,,0,2,ZM,1700071200,1701885599
15443,jup_aa_s0_w2_zm_1,0,0,1,,,0,2,ZM,1700071200,1701885599
15444,jup_aa_s0_w2_zm_2,0,0,1,,,0,2,ZM,1700071200,1701885599
15445,jup_aa_s0_w2_zm_3,0,0,1,,,0,2,ZM,1700071200,1701885599
15446,jup_aa_s0_w2_zm_4,0,0,1,,,0,2,ZM,1700071200,1701885599
15447,jup_aa_s0_w2_zm_5,0,0,1,,,0,2,ZM,1700071200,1701885599
15448,jup_aa_s0_w2_zm_6,0,0,1,,,0,2,ZM,1700071200,1701885599
15420,jup_aa_tracker_s0_w2,0,0,5,,,0,2,WeeklyTracker,1699639200,1701885599
15620,jup_weekly_ch_s0_mp_w3_d1_headshots,0,0,15,2500,,0,3,MP,1700676000,1701885599
15622,jup_weekly_ch_s0_mp_w3_d2_kills_from_behind,0,0,10,5000,,0,3,MP,1700676000,1701885599
15626,jup_weekly_ch_s0_mp_w3_d2_assault_kills,0,0,20,5000,,0,3,MP,1700676000,1701885599
16674,jup_weekly_ch_s0_mp_w3_d2_br_bromeo2_kills,0,0,20,5000,,0,3,MP,1700676000,1701885599
16675,jup_weekly_ch_s0_mp_w3_d3_br_ads_kills,0,0,15,7500,,0,3,MP,1700676000,1701885599
16676,jup_weekly_ch_s0_mp_w3_d3_br_bromeo2_headshot_kills,0,0,15,7500,,0,3,MP,1700676000,1701885599
16874,jup_weekly_ch_s0_mp_w3_d4_battle_rifle_triple_kills,0,0,3,10000,,0,3,MP,1700676000,1701885599
15662,jup_aa_s0_w3_br_0,0,0,1,,,0,3,BR,1700676000,1701885599
15661,jup_aa_s0_w3_br_1,0,0,1,,,0,3,BR,1700676000,1701885599
15663,jup_aa_s0_w3_br_2,0,0,1,,,0,3,BR,1700676000,1701885599
15664,jup_aa_s0_w3_br_3,0,0,1,,,0,3,BR,1700676000,1701885599
15665,jup_aa_s0_w3_br_4,0,0,1,,,0,3,BR,1700676000,1701885599
15666,jup_aa_s0_w3_br_5,0,0,1,,,0,3,BR,1700676000,1701885599
15667,jup_aa_s0_w3_br_6,0,0,1,,,0,3,BR,1700676000,1701885599
15668,jup_aa_s0_w3_dmz_0,0,0,1,,,0,3,DMZ,1700676000,1701885599
15669,jup_aa_s0_w3_dmz_1,0,0,1,,,0,3,DMZ,1700676000,1701885599
15670,jup_aa_s0_w3_dmz_2,0,0,1,,,0,3,DMZ,1700676000,1701885599
15671,jup_aa_s0_w3_dmz_3,0,0,1,,,0,3,DMZ,1700676000,1701885599
15672,jup_aa_s0_w3_dmz_4,0,0,1,,,0,3,DMZ,1700676000,1701885599
15673,jup_aa_s0_w3_dmz_5,0,0,1,,,0,3,DMZ,1700676000,1701885599
15674,jup_aa_s0_w3_dmz_6,0,0,1,,,0,3,DMZ,1700676000,1701885599
15675,jup_aa_s0_w3_zm_0,0,0,1,,,0,3,ZM,1700676000,1701885599
15676,jup_aa_s0_w3_zm_1,0,0,1,,,0,3,ZM,1700676000,1701885599
15677,jup_aa_s0_w3_zm_2,0,0,1,,,0,3,ZM,1700676000,1701885599
15678,jup_aa_s0_w3_zm_3,0,0,1,,,0,3,ZM,1700676000,1701885599
15679,jup_aa_s0_w3_zm_4,0,0,1,,,0,3,ZM,1700676000,1701885599
15680,jup_aa_s0_w3_zm_5,0,0,1,,,0,3,ZM,1700676000,1701885599
15681,jup_aa_s0_w3_zm_6,0,0,1,,,0,3,ZM,1700676000,1701885599
15619,jup_aa_tracker_s0_w3,0,0,5,,,0,3,WeeklyTracker,1699639200,1701885599
15633,jup_weekly_ch_s0_mp_w4_d1_payback_kills,0,0,10,2500,,0,4,MP,1701280800,1701885599
16678,jup_weekly_ch_s0_mp_w4_d2_ar_acharlie_kills,0,0,20,5000,,0,4,MP,1701280800,1701885599
16679,jup_weekly_ch_s0_mp_w4_d2_slinced_ar_kills,0,0,20,5000,,0,4,MP,1701280800,1701885599
16680,jup_weekly_ch_s0_mp_w4_d2_scoped_ar_kills,0,0,20,5000,,0,4,MP,1701280800,1701885599
15637,jup_weekly_ch_s0_mp_w4_d3_sliding_kills,0,0,15,7500,,0,4,MP,1701280800,1701885599
16681,jup_weekly_ch_s0_mp_w4_d3_ar_acharlie_headshot_kills,0,0,25,7500,,0,4,MP,1701280800,1701885599
16682,jup_weekly_ch_s0_mp_w4_d4_triple_kills_with_sniper,0,0,3,10000,,0,4,MP,1701280800,1701885599
15640,jup_aa_s0_w4_br_0,0,0,1,,,0,4,BR,1701280800,1701885599
15641,jup_aa_s0_w4_br_1,0,0,1,,,0,4,BR,1701280800,1701885599
15642,jup_aa_s0_w4_br_2,0,0,1,,,0,4,BR,1701280800,1701885599
15643,jup_aa_s0_w4_br_3,0,0,1,,,0,4,BR,1701280800,1701885599
15644,jup_aa_s0_w4_br_4,0,0,1,,,0,4,BR,1701280800,1701885599
15645,jup_aa_s0_w4_br_5,0,0,1,,,0,4,BR,1701280800,1701885599
15646,jup_aa_s0_w4_br_6,0,0,1,,,0,4,BR,1701280800,1701885599
15647,jup_aa_s0_w4_dmz_0,0,0,1,,,0,4,DMZ,1701280800,1701885599
15648,jup_aa_s0_w4_dmz_1,0,0,1,,,0,4,DMZ,1701280800,1701885599
15649,jup_aa_s0_w4_dmz_2,0,0,1,,,0,4,DMZ,1701280800,1701885599
15650,jup_aa_s0_w4_dmz_3,0,0,1,,,0,4,DMZ,1701280800,1701885599
15651,jup_aa_s0_w4_dmz_4,0,0,1,,,0,4,DMZ,1701280800,1701885599
15652,jup_aa_s0_w4_dmz_5,0,0,1,,,0,4,DMZ,1701280800,1701885599
15653,jup_aa_s0_w4_dmz_6,0,0,1,,,0,4,DMZ,1701280800,1701885599
15654,jup_aa_s0_w4_zm_0,0,0,1,,,0,4,ZM,1701280800,1701885599
15655,jup_aa_s0_w4_zm_1,0,0,1,,,0,4,ZM,1701280800,1701885599
15656,jup_aa_s0_w4_zm_2,0,0,1,,,0,4,ZM,1701280800,1701885599
15657,jup_aa_s0_w4_zm_3,0,0,1,,,0,4,ZM,1701280800,1701885599
15658,jup_aa_s0_w4_zm_4,0,0,1,,,0,4,ZM,1701280800,1701885599
15659,jup_aa_s0_w4_zm_5,0,0,1,,,0,4,ZM,1701280800,1701885599
15660,jup_aa_s0_w4_zm_6,0,0,1,,,0,4,ZM,1701280800,1701885599
15631,jup_aa_tracker_s0_w4,0,0,5,,,0,4,WeeklyTracker,1699639200,1701885599
16614,jup_weekly_ch_s1_mp_w1_d1_kills,0,0,3,1000,,1,1,MP,1701885600,1706723999
16683,jup_weekly_ch_s1_mp_w1_d2_uzulu_pro_kills,0,0,15,5000,,1,1,MP,1701885600,1706723999
16684,jup_weekly_ch_s1_mp_w1_d2_smg_hipfire_kills,0,0,15,5000,,1,1,MP,1701885600,1706723999
16685,jup_weekly_ch_s1_mp_w1_d2_point_blank_smg_kills,0,0,15,5000,,1,1,MP,1701885600,1706723999
16686,jup_weekly_ch_s1_mp_w1_d3_midair_kills,0,0,15,7500,,1,1,MP,1701885600,1706723999
16687,jup_weekly_ch_s1_mp_w1_d3_double_kills_with_smgs,0,0,10,7500,,1,1,MP,1701885600,1706723999
16688,jup_weekly_ch_s1_mp_w1_d4_merciless_kills,0,0,1,10000,,1,1,MP,1701885600,1706723999
16593,jup_aa_s1_w1_br_0,0,0,1,,,1,1,BR,1701885600,1706723999
16594,jup_aa_s1_w1_br_1,0,0,1,,,1,1,BR,1701885600,1706723999
16595,jup_aa_s1_w1_br_2,0,0,1,,,1,1,BR,1701885600,1706723999
16596,jup_aa_s1_w1_br_3,0,0,1,,,1,1,BR,1701885600,1706723999
16597,jup_aa_s1_w1_br_4,0,0,1,,,1,1,BR,1701885600,1706723999
16598,jup_aa_s1_w1_br_5,0,0,1,,,1,1,BR,1701885600,1706723999
16599,jup_aa_s1_w1_br_6,0,0,1,,,1,1,BR,1701885600,1706723999
16600,jup_aa_s1_w1_dmz_0,0,0,1,,,1,1,DMZ,1701885600,1706723999
16601,jup_aa_s1_w1_dmz_1,0,0,1,,,1,1,DMZ,1701885600,1706723999
16602,jup_aa_s1_w1_dmz_2,0,0,1,,,1,1,DMZ,1701885600,1706723999
16603,jup_aa_s1_w1_dmz_3,0,0,1,,,1,1,DMZ,1701885600,1706723999
16604,jup_aa_s1_w1_dmz_4,0,0,1,,,1,1,DMZ,1701885600,1706723999
16605,jup_aa_s1_w1_dmz_5,0,0,1,,,1,1,DMZ,1701885600,1706723999
16606,jup_aa_s1_w1_dmz_6,0,0,1,,,1,1,DMZ,1701885600,1706723999
16607,jup_aa_s1_w1_zm_0,0,0,1,,,1,1,ZM,1701885600,1706723999
16608,jup_aa_s1_w1_zm_1,0,0,1,,,1,1,ZM,1701885600,1706723999
16609,jup_aa_s1_w1_zm_2,0,0,1,,,1,1,ZM,1701885600,1706723999
16610,jup_aa_s1_w1_zm_3,0,0,1,,,1,1,ZM,1701885600,1706723999
16611,jup_aa_s1_w1_zm_4,0,0,1,,,1,1,ZM,1701885600,1706723999
16612,jup_aa_s1_w1_zm_5,0,0,1,,,1,1,ZM,1701885600,1706723999
16613,jup_aa_s1_w1_zm_6,0,0,1,,,1,1,ZM,1701885600,1706723999
16589,jup_aa_tracker_s1_w1,0,0,5,,,1,1,WeeklyTracker,1701885600,1706723999
16710,jup_weekly_ch_s1_mp_w2_d1_ads_kills,0,0,15,2500,,1,2,MP,1702490400,1706723999
16711,jup_weekly_ch_s1_mp_w2_d2_battle_rifle_kills,0,0,15,5000,,1,2,MP,1702490400,1706723999
16712,jup_weekly_ch_s1_mp_w2_d2_ar_golf36_kills,0,0,15,5000,,1,2,MP,1702490400,1706723999
16713,jup_weekly_ch_s1_mp_w2_d2_scoped_ar_kills,0,0,10,5000,,1,2,MP,1702490400,1706723999
16714,jup_weekly_ch_s1_mp_w2_d3_ar_golf36_headshots,0,0,5,7500,,1,2,MP,1702490400,1706723999
16715,jup_weekly_ch_s1_mp_w2_d3_ar_golf36_longshot_kills,0,0,15,7500,,1,2,MP,1702490400,1706723999
16896,jup_weekly_ch_s1_mp_w2_d4_battle_rifle_quad_kills,0,0,2,10000,,1,2,MP,1702490400,1706723999
16689,jup_aa_s1_w2_br_0,0,0,1,,,1,2,BR,1702490400,1706723999
16690,jup_aa_s1_w2_br_1,0,0,1,,,1,2,BR,1702490400,1706723999
16691,jup_aa_s1_w2_br_2,0,0,1,,,1,2,BR,1702490400,1706723999
16692,jup_aa_s1_w2_br_3,0,0,1,,,1,2,BR,1702490400,1706723999
16693,jup_aa_s1_w2_br_4,0,0,1,,,1,2,BR,1702490400,1706723999
16694,jup_aa_s1_w2_br_5,0,0,1,,,1,2,BR,1702490400,1706723999
16695,jup_aa_s1_w2_br_6,0,0,1,,,1,2,BR,1702490400,1706723999
16696,jup_aa_s1_w2_dmz_0,0,0,1,,,1,2,DMZ,1702490400,1706723999
16697,jup_aa_s1_w2_dmz_1,0,0,1,,,1,2,DMZ,1702490400,1706723999
16698,jup_aa_s1_w2_dmz_2,0,0,1,,,1,2,DMZ,1702490400,1706723999
16699,jup_aa_s1_w2_dmz_3,0,0,1,,,1,2,DMZ,1702490400,1706723999
16700,jup_aa_s1_w2_dmz_4,0,0,1,,,1,2,DMZ,1702490400,1706723999
16701,jup_aa_s1_w2_dmz_5,0,0,1,,,1,2,DMZ,1702490400,1706723999
16702,jup_aa_s1_w2_dmz_6,0,0,1,,,1,2,DMZ,1702490400,1706723999
16703,jup_aa_s1_w2_zm_0,0,0,1,,,1,2,ZM,1702490400,1706723999
16704,jup_aa_s1_w2_zm_1,0,0,1,,,1,2,ZM,1702490400,1706723999
16705,jup_aa_s1_w2_zm_2,0,0,1,,,1,2,ZM,1702490400,1706723999
16706,jup_aa_s1_w2_zm_3,0,0,1,,,1,2,ZM,1702490400,1706723999
16707,jup_aa_s1_w2_zm_4,0,0,1,,,1,2,ZM,1702490400,1706723999
16708,jup_aa_s1_w2_zm_5,0,0,1,,,1,2,ZM,1702490400,1706723999
16709,jup_aa_s1_w2_zm_6,0,0,1,,,1,2,ZM,1702490400,1706723999
16590,jup_aa_tracker_s1_w2,0,0,5,,,1,2,WeeklyTracker,1701885600,1706723999
16745,jup_weekly_ch_s1_mp_w3_d1_headshots,0,0,15,2500,,1,3,MP,1703095200,1706723999
16739,jup_weekly_ch_s1_mp_w3_d2_shotgun_kills,0,0,25,5000,,1,3,MP,1703095200,1706723999
16740,jup_weekly_ch_s1_mp_w3_d2_sh_oromeo12_point_blank_kills,0,0,10,5000,,1,3,MP,1703095200,1706723999
16741,jup_weekly_ch_s1_mp_w3_d2_shotgun_1s1k_kills,0,0,10,5000,,1,3,MP,1703095200,1706723999
16742,jup_weekly_ch_s1_mp_w3_d3_sh_oromeo12_double_kills,0,0,10,7500,,1,3,MP,1703095200,1706723999
16747,jup_weekly_ch_s1_mp_w3_d3_hipfire_kills,0,0,25,7500,,1,3,MP,1703095200,1706723999
16897,jup_weekly_ch_s1_mp_w3_d4_shotgun_collaterals,0,0,3,10000,,1,3,MP,1703095200,1706723999
16717,jup_aa_s1_w3_br_0,0,0,1,,,1,3,BR,1703095200,1706723999
16718,jup_aa_s1_w3_br_1,0,0,1,,,1,3,BR,1703095200,1706723999
16719,jup_aa_s1_w3_br_2,0,0,1,,,1,3,BR,1703095200,1706723999
16720,jup_aa_s1_w3_br_3,0,0,1,,,1,3,BR,1703095200,1706723999
16721,jup_aa_s1_w3_br_4,0,0,1,,,1,3,BR,1703095200,1706723999
16722,jup_aa_s1_w3_br_5,0,0,1,,,1,3,BR,1703095200,1706723999
16723,jup_aa_s1_w3_br_6,0,0,1,,,1,3,BR,1703095200,1706723999
16724,jup_aa_s1_w3_dmz_0,0,0,1,,,1,3,DMZ,1703095200,1706723999
16725,jup_aa_s1_w3_dmz_1,0,0,1,,,1,3,DMZ,1703095200,1706723999
16726,jup_aa_s1_w3_dmz_2,0,0,1,,,1,3,DMZ,1703095200,1706723999
16727,jup_aa_s1_w3_dmz_3,0,0,1,,,1,3,DMZ,1703095200,1706723999
16728,jup_aa_s1_w3_dmz_4,0,0,1,,,1,3,DMZ,1703095200,1706723999
16729,jup_aa_s1_w3_dmz_5,0,0,1,,,1,3,DMZ,1703095200,1706723999
16730,jup_aa_s1_w3_dmz_6,0,0,1,,,1,3,DMZ,1703095200,1706723999
16731,jup_aa_s1_w3_zm_0,0,0,1,,,1,3,ZM,1703095200,1706723999
16732,jup_aa_s1_w3_zm_1,0,0,1,,,1,3,ZM,1703095200,1706723999
16733,jup_aa_s1_w3_zm_2,0,0,1,,,1,3,ZM,1703095200,1706723999
16734,jup_aa_s1_w3_zm_3,0,0,1,,,1,3,ZM,1703095200,1706723999
16735,jup_aa_s1_w3_zm_4,0,0,1,,,1,3,ZM,1703095200,1706723999
16736,jup_aa_s1_w3_zm_5,0,0,1,,,1,3,ZM,1703095200,1706723999
16737,jup_aa_s1_w3_zm_6,0,0,1,,,1,3,ZM,1703095200,1706723999
16591,jup_aa_tracker_s1_w3,0,0,5,,,1,3,WeeklyTracker,1701885600,1706723999
16769,jup_weekly_ch_s1_mp_w4_d1_assists,0,0,15,2500,,1,4,MP,1703700000,1706723999
16770,jup_weekly_ch_s1_mp_w4_d2_smg_ads_kills,0,0,20,5000,,1,4,MP,1703700000,1706723999
16771,jup_weekly_ch_s1_mp_w4_d2_weapon_swap_kills,0,0,10,5000,,1,4,MP,1703700000,1706723999
16772,jup_weekly_ch_s1_mp_w4_d2_sm_scharlie3_kills,0,0,15,5000,,1,4,MP,1703700000,1706723999
16773,jup_weekly_ch_s1_mp_w4_d3_smg_silenced_kills,0,0,10,7500,,1,4,MP,1703700000,1706723999
16775,jup_weekly_ch_s1_mp_w4_d3_sm_scharlie3_headshots,0,0,5,7500,,1,4,MP,1703700000,1706723999
16774,jup_weekly_ch_s1_mp_w4_d4_sm_scharlie3_longshot_kills,0,0,5,10000,,1,4,MP,1703700000,1706723999
16768,jup_aa_s1_w4_br_0,0,0,1,,,1,4,BR,1703700000,1706723999
16766,jup_aa_s1_w4_br_1,0,0,1,,,1,4,BR,1703700000,1706723999
16767,jup_aa_s1_w4_br_2,0,0,1,,,1,4,BR,1703700000,1706723999
16765,jup_aa_s1_w4_br_3,0,0,1,,,1,4,BR,1703700000,1706723999
16764,jup_aa_s1_w4_br_4,0,0,1,,,1,4,BR,1703700000,1706723999
16763,jup_aa_s1_w4_br_5,0,0,1,,,1,4,BR,1703700000,1706723999
16762,jup_aa_s1_w4_br_6,0,0,1,,,1,4,BR,1703700000,1706723999
16761,jup_aa_s1_w4_dmz_0,0,0,1,,,1,4,DMZ,1703700000,1706723999
16760,jup_aa_s1_w4_dmz_1,0,0,1,,,1,4,DMZ,1703700000,1706723999
16759,jup_aa_s1_w4_dmz_2,0,0,1,,,1,4,DMZ,1703700000,1706723999
16758,jup_aa_s1_w4_dmz_3,0,0,1,,,1,4,DMZ,1703700000,1706723999
16757,jup_aa_s1_w4_dmz_4,0,0,1,,,1,4,DMZ,1703700000,1706723999
16756,jup_aa_s1_w4_dmz_5,0,0,1,,,1,4,DMZ,1703700000,1706723999
16755,jup_aa_s1_w4_dmz_6,0,0,1,,,1,4,DMZ,1703700000,1706723999
16754,jup_aa_s1_w4_zm_0,0,0,1,,,1,4,ZM,1703700000,1706723999
16753,jup_aa_s1_w4_zm_1,0,0,1,,,1,4,ZM,1703700000,1706723999
16752,jup_aa_s1_w4_zm_2,0,0,1,,,1,4,ZM,1703700000,1706723999
16751,jup_aa_s1_w4_zm_3,0,0,1,,,1,4,ZM,1703700000,1706723999
16750,jup_aa_s1_w4_zm_4,0,0,1,,,1,4,ZM,1703700000,1706723999
16749,jup_aa_s1_w4_zm_5,0,0,1,,,1,4,ZM,1703700000,1706723999
16748,jup_aa_s1_w4_zm_6,0,0,1,,,1,4,ZM,1703700000,1706723999
16592,jup_aa_tracker_s1_w4,0,0,5,,,1,4,WeeklyTracker,1701885600,1706723999
16797,jup_weekly_ch_s1_mp_w5_d1_headshots,0,0,15,2500,,1,5,MP,1704304800,1706723999
16798,jup_weekly_ch_s1_mp_w5_d2_pistol_kills,0,0,20,5000,,1,5,MP,1704304800,1706723999
16898,jup_weekly_ch_s1_mp_w5_d2_quickscope_kills,0,0,15,5000,,1,5,MP,1704304800,1706723999
16800,jup_weekly_ch_s1_mp_w5_d2_dmr_point_blank_kills,0,0,15,5000,,1,5,MP,1704304800,1706723999
16801,jup_weekly_ch_s1_mp_w5_d3_pistol_headshot_kills,0,0,10,7500,,1,5,MP,1704304800,1706723999
16899,jup_weekly_ch_s1_mp_w5_d3_1s1k_dmr_kills,0,0,20,7500,,1,5,MP,1704304800,1706723999
16803,jup_weekly_ch_s1_mp_w5_d4_pistol_longshot_kills,0,0,10,10000,,1,5,MP,1704304800,1706723999
16776,jup_aa_s1_w5_br_0,0,0,1,,,1,5,BR,1704304800,1706723999
16777,jup_aa_s1_w5_br_1,0,0,1,,,1,5,BR,1704304800,1706723999
16778,jup_aa_s1_w5_br_2,0,0,1,,,1,5,BR,1704304800,1706723999
16779,jup_aa_s1_w5_br_3,0,0,1,,,1,5,BR,1704304800,1706723999
16780,jup_aa_s1_w5_br_4,0,0,1,,,1,5,BR,1704304800,1706723999
16781,jup_aa_s1_w5_br_5,0,0,1,,,1,5,BR,1704304800,1706723999
16782,jup_aa_s1_w5_br_6,0,0,1,,,1,5,BR,1704304800,1706723999
16783,jup_aa_s1_w5_dmz_0,0,0,1,,,1,5,DMZ,1704304800,1706723999
16784,jup_aa_s1_w5_dmz_1,0,0,1,,,1,5,DMZ,1704304800,1706723999
16786,jup_aa_s1_w5_dmz_2,0,0,1,,,1,5,DMZ,1704304800,1706723999
16787,jup_aa_s1_w5_dmz_3,0,0,1,,,1,5,DMZ,1704304800,1706723999
16785,jup_aa_s1_w5_dmz_4,0,0,1,,,1,5,DMZ,1704304800,1706723999
16788,jup_aa_s1_w5_dmz_5,0,0,1,,,1,5,DMZ,1704304800,1706723999
16789,jup_aa_s1_w5_dmz_6,0,0,1,,,1,5,DMZ,1704304800,1706723999
16790,jup_aa_s1_w5_zm_0,0,0,1,,,1,5,ZM,1704304800,1706723999
16791,jup_aa_s1_w5_zm_1,0,0,1,,,1,5,ZM,1704304800,1706723999
16792,jup_aa_s1_w5_zm_2,0,0,1,,,1,5,ZM,1704304800,1706723999
16793,jup_aa_s1_w5_zm_3,0,0,1,,,1,5,ZM,1704304800,1706723999
16795,jup_aa_s1_w5_zm_4,0,0,1,,,1,5,ZM,1704304800,1706723999
16794,jup_aa_s1_w5_zm_5,0,0,1,,,1,5,ZM,1704304800,1706723999
16796,jup_aa_s1_w5_zm_6,0,0,1,,,1,5,ZM,1704304800,1706723999
16905,jup_aa_tracker_s1_w5,0,0,5,,,1,5,WeeklyTracker,1701885600,1706723999
17238,jup_weekly_ch_s1_mp_w6_d1_akimbo_uzulup_kills,0,0,20,2500,,1,6,MP,1704909600,1706723999
17237,jup_weekly_ch_s1_mp_w6_d2_ar_golf36_hyperburst_kills,0,0,20,5000,,1,6,MP,1704909600,1706723999
17254,jup_weekly_ch_s1_mp_w6_d2_sh_oromeo12_streetsweeper_kills,0,0,10,5000,,1,6,MP,1704909600,1706723999
17255,jup_weekly_ch_s1_mp_w6_d2_sm_scharlie3_carbine_conversion_kills,0,0,10,5000,,1,6,MP,1704909600,1706723999
17256,jup_weekly_ch_s1_mp_w6_d3_season_1_amp_triple_kills,0,0,10,7500,,1,6,MP,1704909600,1706723999
17257,jup_weekly_ch_s1_mp_w6_d3_pi_rsierra12_marksman_conversion_kills,0,0,10,7500,,1,6,MP,1704909600,1706723999
17258,jup_weekly_ch_s1_mp_w6_d4_season_1_amp_merciless_kills,0,0,1,10000,,1,6,MP,1704909600,1706723999
16812,jup_aa_s1_w6_br_0,0,0,1,,,1,6,BR,1704909600,1706723999
16813,jup_aa_s1_w6_br_1,0,0,1,,,1,6,BR,1704909600,1706723999
16814,jup_aa_s1_w6_br_2,0,0,1,,,1,6,BR,1704909600,1706723999
16815,jup_aa_s1_w6_br_3,0,0,1,,,1,6,BR,1704909600,1706723999
16816,jup_aa_s1_w6_br_4,0,0,1,,,1,6,BR,1704909600,1706723999
16817,jup_aa_s1_w6_br_5,0,0,1,,,1,6,BR,1704909600,1706723999
16818,jup_aa_s1_w6_br_6,0,0,1,,,1,6,BR,1704909600,1706723999
16824,jup_aa_s1_w6_dmz_0,0,0,1,,,1,6,DMZ,1704909600,1706723999
16825,jup_aa_s1_w6_dmz_1,0,0,1,,,1,6,DMZ,1704909600,1706723999
16826,jup_aa_s1_w6_dmz_2,0,0,1,,,1,6,DMZ,1704909600,1706723999
16827,jup_aa_s1_w6_dmz_3,0,0,1,,,1,6,DMZ,1704909600,1706723999
16828,jup_aa_s1_w6_dmz_4,0,0,1,,,1,6,DMZ,1704909600,1706723999
16829,jup_aa_s1_w6_dmz_5,0,0,1,,,1,6,DMZ,1704909600,1706723999
16830,jup_aa_s1_w6_dmz_6,0,0,1,,,1,6,DMZ,1704909600,1706723999
16831,jup_aa_s1_w6_zm_0,0,0,1,,,1,6,ZM,1704909600,1706723999
16832,jup_aa_s1_w6_zm_1,0,0,1,,,1,6,ZM,1704909600,1706723999
16833,jup_aa_s1_w6_zm_2,0,0,1,,,1,6,ZM,1704909600,1706723999
16834,jup_aa_s1_w6_zm_3,0,0,1,,,1,6,ZM,1704909600,1706723999
16835,jup_aa_s1_w6_zm_4,0,0,1,,,1,6,ZM,1704909600,1706723999
16836,jup_aa_s1_w6_zm_5,0,0,1,,,1,6,ZM,1704909600,1706723999
16837,jup_aa_s1_w6_zm_6,0,0,1,,,1,6,ZM,1704909600,1706723999
16906,jup_aa_tracker_s1_w6,0,0,5,,,1,6,WeeklyTracker,1701885600,1706723999
16838,jup_weekly_ch_s1_mp_w7_d1_double_kills,0,0,5,2500,,1,7,MP,1705514400,1706723999
16839,jup_weekly_ch_s1_mp_w7_d2_kills_from_behind,0,0,10,5000,,1,7,MP,1705514400,1706723999
16840,jup_weekly_ch_s1_mp_w7_d2_ar_reload_kills,0,0,15,5000,,1,7,MP,1705514400,1706723999
16841,jup_weekly_ch_s1_mp_w7_d2_ar_hipfire_kills,0,0,15,5000,,1,7,MP,1705514400,1706723999
16902,jup_weekly_ch_s1_mp_w7_d3_lmg_hipfire_kills,0,0,15,7500,,1,7,MP,1705514400,1706723999
16843,jup_weekly_ch_s1_mp_w7_d3_lmg_ads_kills,0,0,20,7500,,1,7,MP,1705514400,1706723999
16844,jup_weekly_ch_s1_mp_w7_d4_quad_kills_with_an_ar,0,0,3,10000,,1,7,MP,1705514400,1706723999
16845,jup_aa_s1_w7_br_0,0,0,1,,,1,7,BR,1705514400,1706723999
16846,jup_aa_s1_w7_br_1,0,0,1,,,1,7,BR,1705514400,1706723999
16847,jup_aa_s1_w7_br_2,0,0,1,,,1,7,BR,1705514400,1706723999
16848,jup_aa_s1_w7_br_3,0,0,1,,,1,7,BR,1705514400,1706723999
16849,jup_aa_s1_w7_br_4,0,0,1,,,1,7,BR,1705514400,1706723999
16850,jup_aa_s1_w7_br_5,0,0,1,,,1,7,BR,1705514400,1706723999
16851,jup_aa_s1_w7_br_6,0,0,1,,,1,7,BR,1705514400,1706723999
16852,jup_aa_s1_w7_dmz_0,0,0,1,,,1,7,DMZ,1705514400,1706723999
16853,jup_aa_s1_w7_dmz_1,0,0,1,,,1,7,DMZ,1705514400,1706723999
16854,jup_aa_s1_w7_dmz_2,0,0,1,,,1,7,DMZ,1705514400,1706723999
16855,jup_aa_s1_w7_dmz_3,0,0,1,,,1,7,DMZ,1705514400,1706723999
16856,jup_aa_s1_w7_dmz_4,0,0,1,,,1,7,DMZ,1705514400,1706723999
16857,jup_aa_s1_w7_dmz_5,0,0,1,,,1,7,DMZ,1705514400,1706723999
16858,jup_aa_s1_w7_dmz_6,0,0,1,,,1,7,DMZ,1705514400,1706723999
16859,jup_aa_s1_w7_zm_0,0,0,1,,,1,7,ZM,1705514400,1706723999
16860,jup_aa_s1_w7_zm_1,0,0,1,,,1,7,ZM,1705514400,1706723999
16861,jup_aa_s1_w7_zm_2,0,0,1,,,1,7,ZM,1705514400,1706723999
16862,jup_aa_s1_w7_zm_3,0,0,1,,,1,7,ZM,1705514400,1706723999
16863,jup_aa_s1_w7_zm_4,0,0,1,,,1,7,ZM,1705514400,1706723999
16864,jup_aa_s1_w7_zm_5,0,0,1,,,1,7,ZM,1705514400,1706723999
16865,jup_aa_s1_w7_zm_6,0,0,1,,,1,7,ZM,1705514400,1706723999
16907,jup_aa_tracker_s1_w7,0,0,5,,,1,7,WeeklyTracker,1701885600,1706723999
17260,jup_weekly_ch_s1_mp_w8_d1_lm_evictor_kills,0,0,20,2500,,1,8,MP,1701280800,1701885599
17261,jup_weekly_ch_s1_mp_w8_d2_lm_evictor_headshots,0,0,15,5000,,1,8,MP,1701280800,1701885599
17262,jup_weekly_ch_s1_mp_w8_d2_sm_coscar635_double_barrel_hipfire_kills,0,0,15,5000,,1,8,MP,1701280800,1701885599
17263,jup_weekly_ch_s1_mp_w8_d2_season_1_amp_ads_kills,0,0,10,5000,,1,8,MP,1701280800,1701885599
17264,jup_weekly_ch_s1_mp_w8_d3_season_1_amp_5_kills_without_dying,0,0,3,7500,,1,8,MP,1701280800,1701885599
17265,jup_weekly_ch_s1_mp_w8_d3_sm_coscar635_double_barrel_quad_kills,0,0,2,7500,,1,8,MP,1701280800,1701885599
17266,jup_weekly_ch_s1_mp_w8_d4_lm_evictor_point_blank_clean_kills,0,0,10,10000,,1,8,MP,1701280800,1701885599
16875,jup_aa_s1_w8_br_0,0,0,1,,,1,8,BR,1701280800,1701885599
16876,jup_aa_s1_w8_br_1,0,0,1,,,1,8,BR,1701280800,1701885599
16877,jup_aa_s1_w8_br_2,0,0,1,,,1,8,BR,1701280800,1701885599
16878,jup_aa_s1_w8_br_3,0,0,1,,,1,8,BR,1701280800,1701885599
16879,jup_aa_s1_w8_br_4,0,0,1,,,1,8,BR,1701280800,1701885599
16880,jup_aa_s1_w8_br_5,0,0,1,,,1,8,BR,1701280800,1701885599
16881,jup_aa_s1_w8_br_6,0,0,1,,,1,8,BR,1701280800,1701885599
16882,jup_aa_s1_w8_dmz_0,0,0,1,,,1,8,DMZ,1701280800,1701885599
16883,jup_aa_s1_w8_dmz_1,0,0,1,,,1,8,DMZ,1701280800,1701885599
16884,jup_aa_s1_w8_dmz_2,0,0,1,,,1,8,DMZ,1701280800,1701885599
16885,jup_aa_s1_w8_dmz_3,0,0,1,,,1,8,DMZ,1701280800,1701885599
16886,jup_aa_s1_w8_dmz_4,0,0,1,,,1,8,DMZ,1701280800,1701885599
16887,jup_aa_s1_w8_dmz_5,0,0,1,,,1,8,DMZ,1701280800,1701885599
16888,jup_aa_s1_w8_dmz_6,0,0,1,,,1,8,DMZ,1701280800,1701885599
16889,jup_aa_s1_w8_zm_0,0,0,1,,,1,8,ZM,1701280800,1701885599
16890,jup_aa_s1_w8_zm_1,0,0,1,,,1,8,ZM,1701280800,1701885599
16891,jup_aa_s1_w8_zm_2,0,0,1,,,1,8,ZM,1701280800,1701885599
16892,jup_aa_s1_w8_zm_3,0,0,1,,,1,8,ZM,1701280800,1701885599
16893,jup_aa_s1_w8_zm_4,0,0,1,,,1,8,ZM,1701280800,1701885599
16894,jup_aa_s1_w8_zm_5,0,0,1,,,1,8,ZM,1701280800,1701885599
16895,jup_aa_s1_w8_zm_6,0,0,1,,,1,8,ZM,1701280800,1701885599
16909,jup_aa_tracker_s1_w8_2,0,0,5,,,1,8,WeeklyTracker,1701885600,1706723999
14644,jup_aa_tracker_season_1,0,0,4,,,1,1,SeasonTracker,1701885600,1706723999
