0,,0,,0,,,0,,,,0
1,0,30000,30000,0,icon_rank_officer_s04_sm_01,icon_rank_officer_s04_01,,30300,ch_elder_s4_chall_001,icon_ribbon_s04_001,0
2,30000,60000,30000,0,icon_rank_officer_s04_sm_01,icon_rank_officer_s04_01,3958,30301,ch_elder_s4_chall_002,icon_ribbon_s04_002,0
3,60000,90000,30000,0,icon_rank_officer_s04_sm_01,icon_rank_officer_s04_01,,30302,ch_elder_s4_chall_003,icon_ribbon_s04_003,0
4,90000,120000,30000,0,icon_rank_officer_s04_sm_01,icon_rank_officer_s04_01,,30303,ch_elder_s4_chall_004,icon_ribbon_s04_004,0
5,120000,150000,30000,0,icon_rank_officer_s04_sm_01,icon_rank_officer_s04_01,,30304,ch_elder_s4_chall_005,icon_ribbon_s04_005,0
6,150000,180000,30000,0,icon_rank_officer_s04_sm_02,icon_rank_officer_s04_02,3958,30305,ch_elder_s4_chall_006,icon_ribbon_s04_006,0
7,180000,210000,30000,0,icon_rank_officer_s04_sm_02,icon_rank_officer_s04_02,,30306,ch_elder_s4_chall_007,icon_ribbon_s04_007,0
8,210000,240000,30000,0,icon_rank_officer_s04_sm_02,icon_rank_officer_s04_02,,30307,ch_elder_s4_chall_008,icon_ribbon_s04_008,0
9,240000,270000,30000,0,icon_rank_officer_s04_sm_02,icon_rank_officer_s04_02,,30308,ch_elder_s4_chall_009,icon_ribbon_s04_009,0
10,270000,300000,30000,0,icon_rank_officer_s04_sm_02,icon_rank_officer_s04_02,,30309,ch_elder_s4_chall_010,icon_ribbon_s04_010,0
11,300000,330500,30500,0,icon_rank_officer_s04_sm_03,icon_rank_officer_s04_03,3958,30310,ch_elder_s4_chall_011,icon_ribbon_s04_011,0
12,330500,361500,31000,0,icon_rank_officer_s04_sm_03,icon_rank_officer_s04_03,,30311,ch_elder_s4_chall_012,icon_ribbon_s04_012,0
13,361500,393000,31500,0,icon_rank_officer_s04_sm_03,icon_rank_officer_s04_03,,30312,ch_elder_s4_chall_013,icon_ribbon_s04_013,0
14,393000,425000,32000,0,icon_rank_officer_s04_sm_03,icon_rank_officer_s04_03,,30313,ch_elder_s4_chall_014,icon_ribbon_s04_014,0
15,425000,457500,32500,0,icon_rank_officer_s04_sm_03,icon_rank_officer_s04_03,,30314,ch_elder_s4_chall_015,icon_ribbon_s04_015,0
16,457500,490500,33000,0,icon_rank_officer_s04_sm_04,icon_rank_officer_s04_04,3958,30315,ch_elder_s4_chall_016,icon_ribbon_s04_016,0
17,490500,524000,33500,0,icon_rank_officer_s04_sm_04,icon_rank_officer_s04_04,,30316,ch_elder_s4_chall_017,icon_ribbon_s04_017,0
18,524000,558000,34000,0,icon_rank_officer_s04_sm_04,icon_rank_officer_s04_04,,30317,ch_elder_s4_chall_018,icon_ribbon_s04_018,0
19,558000,592500,34500,0,icon_rank_officer_s04_sm_04,icon_rank_officer_s04_04,,30318,ch_elder_s4_chall_019,icon_ribbon_s04_019,0
20,592500,627500,35000,0,icon_rank_officer_s04_sm_04,icon_rank_officer_s04_04,,30319,ch_elder_s4_chall_020,icon_ribbon_s04_020,0
21,627500,663100,35600,0,icon_rank_officer_s04_sm_05,icon_rank_officer_s04_05,3958,30320,ch_elder_s4_chall_021,icon_ribbon_s04_021,0
22,663100,699300,36200,0,icon_rank_officer_s04_sm_05,icon_rank_officer_s04_05,,30321,ch_elder_s4_chall_022,icon_ribbon_s04_022,0
23,699300,736100,36800,0,icon_rank_officer_s04_sm_05,icon_rank_officer_s04_05,,30322,ch_elder_s4_chall_023,icon_ribbon_s04_023,0
24,736100,773500,37400,0,icon_rank_officer_s04_sm_05,icon_rank_officer_s04_05,,30323,ch_elder_s4_chall_024,icon_ribbon_s04_024,0
25,773500,811500,38000,0,icon_rank_officer_s04_sm_05,icon_rank_officer_s04_05,,30324,ch_elder_s4_chall_025,icon_ribbon_s04_025,0
26,811500,850100,38600,0,icon_rank_officer_s04_sm_06,icon_rank_officer_s04_06,3958,30325,ch_elder_s4_chall_026,icon_ribbon_s04_026,0
27,850100,889300,39200,0,icon_rank_officer_s04_sm_06,icon_rank_officer_s04_06,,30326,ch_elder_s4_chall_027,icon_ribbon_s04_027,0
28,889300,929100,39800,0,icon_rank_officer_s04_sm_06,icon_rank_officer_s04_06,,30327,ch_elder_s4_chall_028,icon_ribbon_s04_028,0
29,929100,969500,40400,0,icon_rank_officer_s04_sm_06,icon_rank_officer_s04_06,,30328,ch_elder_s4_chall_029,icon_ribbon_s04_029,0
30,969500,1010500,41000,0,icon_rank_officer_s04_sm_06,icon_rank_officer_s04_06,,30329,ch_elder_s4_chall_030,icon_ribbon_s04_030,0
31,1010500,1052200,41700,0,icon_rank_officer_s04_sm_07,icon_rank_officer_s04_07,3958,30330,ch_elder_s4_chall_031,icon_ribbon_s04_031,0
32,1052200,1094600,42400,0,icon_rank_officer_s04_sm_07,icon_rank_officer_s04_07,,30331,ch_elder_s4_chall_032,icon_ribbon_s04_032,0
33,1094600,1137700,43100,0,icon_rank_officer_s04_sm_07,icon_rank_officer_s04_07,,30332,ch_elder_s4_chall_033,icon_ribbon_s04_033,0
34,1137700,1181500,43800,0,icon_rank_officer_s04_sm_07,icon_rank_officer_s04_07,,30333,ch_elder_s4_chall_034,icon_ribbon_s04_034,0
35,1181500,1226000,44500,0,icon_rank_officer_s04_sm_07,icon_rank_officer_s04_07,,30334,ch_elder_s4_chall_035,icon_ribbon_s04_035,0
36,1226000,1271200,45200,0,icon_rank_officer_s04_sm_08,icon_rank_officer_s04_08,3958,30335,ch_elder_s4_chall_036,icon_ribbon_s04_036,0
37,1271200,1317100,45900,0,icon_rank_officer_s04_sm_08,icon_rank_officer_s04_08,,30336,ch_elder_s4_chall_037,icon_ribbon_s04_037,0
38,1317100,1363700,46600,0,icon_rank_officer_s04_sm_08,icon_rank_officer_s04_08,,30337,ch_elder_s4_chall_038,icon_ribbon_s04_038,0
39,1363700,1411000,47300,0,icon_rank_officer_s04_sm_08,icon_rank_officer_s04_08,,30338,ch_elder_s4_chall_039,icon_ribbon_s04_039,0
40,1411000,1459000,48000,0,icon_rank_officer_s04_sm_08,icon_rank_officer_s04_08,,30339,ch_elder_s4_chall_040,icon_ribbon_s04_040,0
41,1459000,1507800,48800,0,icon_rank_officer_s04_sm_09,icon_rank_officer_s04_09,3958,30340,ch_elder_s4_chall_041,icon_ribbon_s04_041,0
42,1507800,1557400,49600,0,icon_rank_officer_s04_sm_09,icon_rank_officer_s04_09,,30341,ch_elder_s4_chall_042,icon_ribbon_s04_042,0
43,1557400,1607800,50400,0,icon_rank_officer_s04_sm_09,icon_rank_officer_s04_09,,30342,ch_elder_s4_chall_043,icon_ribbon_s04_043,0
44,1607800,1659000,51200,0,icon_rank_officer_s04_sm_09,icon_rank_officer_s04_09,,30343,ch_elder_s4_chall_044,icon_ribbon_s04_044,0
45,1659000,1711000,52000,0,icon_rank_officer_s04_sm_09,icon_rank_officer_s04_09,,30344,ch_elder_s4_chall_045,icon_ribbon_s04_045,0
46,1711000,1763800,52800,0,icon_rank_officer_s04_sm_10,icon_rank_officer_s04_10,3958,30345,ch_elder_s4_chall_046,icon_ribbon_s04_046,0
47,1763800,1817400,53600,0,icon_rank_officer_s04_sm_10,icon_rank_officer_s04_10,,30346,ch_elder_s4_chall_047,icon_ribbon_s04_047,0
48,1817400,1871800,54400,0,icon_rank_officer_s04_sm_10,icon_rank_officer_s04_10,,30347,ch_elder_s4_chall_048,icon_ribbon_s04_048,0
49,1871800,1927000,55200,0,icon_rank_officer_s04_sm_10,icon_rank_officer_s04_10,,30348,ch_elder_s4_chall_049,icon_ribbon_s04_049,0
50,1927000,1983000,56000,0,icon_rank_officer_s04_sm_10,icon_rank_officer_s04_10,,30349,ch_elder_s4_chall_050,icon_ribbon_s04_050,0
51,1983000,2039900,56900,0,icon_rank_officer_s04_sm_11,icon_rank_officer_s04_11,3958,30350,ch_elder_s4_chall_051,icon_ribbon_s04_051,0
52,2039900,2097700,57800,0,icon_rank_officer_s04_sm_11,icon_rank_officer_s04_11,,30351,ch_elder_s4_chall_052,icon_ribbon_s04_052,0
53,2097700,2156400,58700,0,icon_rank_officer_s04_sm_11,icon_rank_officer_s04_11,,30352,ch_elder_s4_chall_053,icon_ribbon_s04_053,0
54,2156400,2216000,59600,0,icon_rank_officer_s04_sm_11,icon_rank_officer_s04_11,,30353,ch_elder_s4_chall_054,icon_ribbon_s04_054,0
55,2216000,2276500,60500,0,icon_rank_officer_s04_sm_11,icon_rank_officer_s04_11,,30354,ch_elder_s4_chall_055,icon_ribbon_s04_055,0
56,2276500,2337900,61400,0,icon_rank_officer_s04_sm_12,icon_rank_officer_s04_12,3958,30355,ch_elder_s4_chall_056,icon_ribbon_s04_056,0
57,2337900,2400200,62300,0,icon_rank_officer_s04_sm_12,icon_rank_officer_s04_12,,30356,ch_elder_s4_chall_057,icon_ribbon_s04_057,0
58,2400200,2463400,63200,0,icon_rank_officer_s04_sm_12,icon_rank_officer_s04_12,,30357,ch_elder_s4_chall_058,icon_ribbon_s04_058,0
59,2463400,2527500,64100,0,icon_rank_officer_s04_sm_12,icon_rank_officer_s04_12,,30358,ch_elder_s4_chall_059,icon_ribbon_s04_059,0
60,2527500,2592500,65000,0,icon_rank_officer_s04_sm_12,icon_rank_officer_s04_12,,30359,ch_elder_s4_chall_060,icon_ribbon_s04_060,0
61,2592500,2658500,66000,0,icon_rank_officer_s04_sm_13,icon_rank_officer_s04_13,3958,30360,ch_elder_s4_chall_061,icon_ribbon_s04_061,0
62,2658500,2725500,67000,0,icon_rank_officer_s04_sm_13,icon_rank_officer_s04_13,,30361,ch_elder_s4_chall_062,icon_ribbon_s04_062,0
63,2725500,2793500,68000,0,icon_rank_officer_s04_sm_13,icon_rank_officer_s04_13,,30362,ch_elder_s4_chall_063,icon_ribbon_s04_063,0
64,2793500,2862500,69000,0,icon_rank_officer_s04_sm_13,icon_rank_officer_s04_13,,30363,ch_elder_s4_chall_064,icon_ribbon_s04_064,0
65,2862500,2932500,70000,0,icon_rank_officer_s04_sm_13,icon_rank_officer_s04_13,,30364,ch_elder_s4_chall_065,icon_ribbon_s04_065,0
66,2932500,3003500,71000,0,icon_rank_officer_s04_sm_14,icon_rank_officer_s04_14,3958,30365,ch_elder_s4_chall_066,icon_ribbon_s04_066,0
67,3003500,3075500,72000,0,icon_rank_officer_s04_sm_14,icon_rank_officer_s04_14,,30366,ch_elder_s4_chall_067,icon_ribbon_s04_067,0
68,3075500,3148500,73000,0,icon_rank_officer_s04_sm_14,icon_rank_officer_s04_14,,30367,ch_elder_s4_chall_068,icon_ribbon_s04_068,0
69,3148500,3222500,74000,0,icon_rank_officer_s04_sm_14,icon_rank_officer_s04_14,,30368,ch_elder_s4_chall_069,icon_ribbon_s04_069,0
70,3222500,3297500,75000,0,icon_rank_officer_s04_sm_14,icon_rank_officer_s04_14,,30369,ch_elder_s4_chall_070,icon_ribbon_s04_070,0
71,3297500,3373700,76200,0,icon_rank_officer_s04_sm_15,icon_rank_officer_s04_15,3958,30370,ch_elder_s4_chall_071,icon_ribbon_s04_071,0
72,3373700,3451100,77400,0,icon_rank_officer_s04_sm_15,icon_rank_officer_s04_15,,30371,ch_elder_s4_chall_072,icon_ribbon_s04_072,0
73,3451100,3529700,78600,0,icon_rank_officer_s04_sm_15,icon_rank_officer_s04_15,,30372,ch_elder_s4_chall_073,icon_ribbon_s04_073,0
74,3529700,3609500,79800,0,icon_rank_officer_s04_sm_15,icon_rank_officer_s04_15,,30373,ch_elder_s4_chall_074,icon_ribbon_s04_074,0
75,3609500,3690500,81000,0,icon_rank_officer_s04_sm_15,icon_rank_officer_s04_15,,30374,ch_elder_s4_chall_075,icon_ribbon_s04_075,0
76,3690500,3772700,82200,0,icon_rank_officer_s04_sm_16,icon_rank_officer_s04_16,3958,30375,ch_elder_s4_chall_076,icon_ribbon_s04_076,0
77,3772700,3856100,83400,0,icon_rank_officer_s04_sm_16,icon_rank_officer_s04_16,,30376,ch_elder_s4_chall_077,icon_ribbon_s04_077,0
78,3856100,3940700,84600,0,icon_rank_officer_s04_sm_16,icon_rank_officer_s04_16,,30377,ch_elder_s4_chall_078,icon_ribbon_s04_078,0
79,3940700,4026500,85800,0,icon_rank_officer_s04_sm_16,icon_rank_officer_s04_16,,30378,ch_elder_s4_chall_079,icon_ribbon_s04_079,0
80,4026500,4113600,87100,0,icon_rank_officer_s04_sm_16,icon_rank_officer_s04_16,,30379,ch_elder_s4_chall_080,icon_ribbon_s04_080,0
81,4113600,4202000,88400,0,icon_rank_officer_s04_sm_17,icon_rank_officer_s04_17,3958,30380,ch_elder_s4_chall_081,icon_ribbon_s04_081,0
82,4202000,4291700,89700,0,icon_rank_officer_s04_sm_17,icon_rank_officer_s04_17,,30381,ch_elder_s4_chall_082,icon_ribbon_s04_082,0
83,4291700,4382700,91000,0,icon_rank_officer_s04_sm_17,icon_rank_officer_s04_17,,30382,ch_elder_s4_chall_083,icon_ribbon_s04_083,0
84,4382700,4475000,92300,0,icon_rank_officer_s04_sm_17,icon_rank_officer_s04_17,,30383,ch_elder_s4_chall_084,icon_ribbon_s04_084,0
85,4475000,4568600,93600,0,icon_rank_officer_s04_sm_17,icon_rank_officer_s04_17,,30384,ch_elder_s4_chall_085,icon_ribbon_s04_085,0
86,4568600,4663500,94900,0,icon_rank_officer_s04_sm_18,icon_rank_officer_s04_18,3958,30385,ch_elder_s4_chall_086,icon_ribbon_s04_086,0
87,4663500,4759700,96200,0,icon_rank_officer_s04_sm_18,icon_rank_officer_s04_18,,30386,ch_elder_s4_chall_087,icon_ribbon_s04_087,0
88,4759700,4857200,97500,0,icon_rank_officer_s04_sm_18,icon_rank_officer_s04_18,,30387,ch_elder_s4_chall_088,icon_ribbon_s04_088,0
89,4857200,4956000,98800,0,icon_rank_officer_s04_sm_18,icon_rank_officer_s04_18,,30388,ch_elder_s4_chall_089,icon_ribbon_s04_089,0
90,4956000,5056100,100100,0,icon_rank_officer_s04_sm_18,icon_rank_officer_s04_18,,30389,ch_elder_s4_chall_090,icon_ribbon_s04_090,0
91,5056100,5157600,101500,0,icon_rank_officer_s04_sm_19,icon_rank_officer_s04_19,3958,30390,ch_elder_s4_chall_091,icon_ribbon_s04_091,0
92,5157600,5260500,102900,0,icon_rank_officer_s04_sm_19,icon_rank_officer_s04_19,,30391,ch_elder_s4_chall_092,icon_ribbon_s04_092,0
93,5260500,5364800,104300,0,icon_rank_officer_s04_sm_19,icon_rank_officer_s04_19,,30392,ch_elder_s4_chall_093,icon_ribbon_s04_093,0
94,5364800,5470500,105700,0,icon_rank_officer_s04_sm_19,icon_rank_officer_s04_19,,30393,ch_elder_s4_chall_094,icon_ribbon_s04_094,0
95,5470500,5577600,107100,0,icon_rank_officer_s04_sm_19,icon_rank_officer_s04_19,,30394,ch_elder_s4_chall_095,icon_ribbon_s04_095,0
96,5577600,5686100,108500,0,icon_rank_officer_s04_sm_20,icon_rank_officer_s04_20,3958,30395,ch_elder_s4_chall_096,icon_ribbon_s04_096,0
97,5686100,5796000,109900,0,icon_rank_officer_s04_sm_20,icon_rank_officer_s04_20,,30396,ch_elder_s4_chall_097,icon_ribbon_s04_097,0
98,5796000,5907300,111300,0,icon_rank_officer_s04_sm_20,icon_rank_officer_s04_20,,30397,ch_elder_s4_chall_098,icon_ribbon_s04_098,0
99,5907300,6020000,112700,0,icon_rank_officer_s04_sm_20,icon_rank_officer_s04_20,,30398,ch_elder_s4_chall_099,icon_ribbon_s04_099,0
100,6020000,6134100,114100,0,icon_rank_officer_s04_sm_20,icon_rank_officer_s04_20,766,30399,ch_elder_s4_chall_100,icon_ribbon_s04_100,0
maxrank,100,,,0,,,,,,,0
