40162,psn,48290,,,
40162,xbl,48291,,,
40162,bnet,48292,,,
40162,steam,48293,,,
40170,psn,48290,,,
40170,xbl,48291,,,
40170,bnet,48292,,,
40170,steam,48293,,,
40180,psn,48290,,,
40180,xbl,48291,,,
40180,bnet,48292,,,
40180,steam,48293,,,
40182,psn,48290,,,
40182,xbl,48291,,,
40182,bnet,48292,,,
40182,steam,48293,,,
42509,psn,48290,,,
42509,xbl,48291,,,
42509,bnet,48292,,,
42509,steam,48293,,,
40238,psn,48290,,,
40238,xbl,48291,,,
40238,bnet,48292,,,
40238,steam,48293,,,
39921,psn,48290,,,
39921,xbl,48291,,,
39921,bnet,48292,,,
39921,steam,48293,,,
40416,psn,48290,,,
40416,xbl,48291,,,
40416,bnet,48292,,,
40416,steam,48293,,,
40426,psn,48290,,,
40426,xbl,48291,,,
40426,bnet,48292,,,
40426,steam,48293,,,
40433,psn,48290,,,
40433,xbl,48291,,,
40433,bnet,48292,,,
40433,steam,48293,,,
40442,psn,48290,,,
40442,xbl,48291,,,
40442,bnet,48292,,,
40442,steam,48293,,,
42568,psn,48290,,,
42568,xbl,48291,,,
42568,bnet,48292,,,
42568,steam,48293,,,
40036,psn,48290,,,
40036,xbl,48291,,,
40036,bnet,48292,,,
40036,steam,48293,,,
40443,psn,48290,,,
40443,xbl,48291,,,
40443,bnet,48292,,,
40443,steam,48293,,,
39911,psn,48290,,,
39911,xbl,48291,,,
39911,bnet,48292,,,
39911,steam,48293,,,
53900,psn,48290,,,
53900,xbl,48291,,,
53900,bnet,48292,,,
53900,steam,48293,,,
44565,psn,49868,,,
44565,xbl,49869,,,
44565,bnet,49870,,,
44565,steam,49871,,,
41978,psn,49868,,,
41978,xbl,49869,,,
41978,bnet,49870,,,
41978,steam,49871,,,
42040,psn,49868,,,
42040,xbl,49869,,,
42040,bnet,49870,,,
42040,steam,49871,,,
42010,psn,49868,,,
42010,xbl,49869,,,
42010,bnet,49870,,,
42010,steam,49871,,,
44563,psn,49868,,,
44563,xbl,49869,,,
44563,bnet,49870,,,
44563,steam,49871,,,
44564,psn,49868,,,
44564,xbl,49869,,,
44564,bnet,49870,,,
44564,steam,49871,,,
40086,psn,49868,,,
40086,xbl,49869,,,
40086,bnet,49870,,,
40086,steam,49871,,,
40088,psn,49868,,,
40088,xbl,49869,,,
40088,bnet,49870,,,
40088,steam,49871,,,
40099,psn,49868,,,
40099,xbl,49869,,,
40099,bnet,49870,,,
40099,steam,49871,,,
40114,psn,49868,,,
40114,xbl,49869,,,
40114,bnet,49870,,,
40114,steam,49871,,,
42493,psn,49868,,,
42493,xbl,49869,,,
42493,bnet,49870,,,
42493,steam,49871,,,
40121,psn,49868,,,
40121,xbl,49869,,,
40121,bnet,49870,,,
40121,steam,49871,,,
40129,psn,49868,,,
40129,xbl,49869,,,
40129,bnet,49870,,,
40129,steam,49871,,,
39937,psn,49868,,,
39937,xbl,49869,,,
39937,bnet,49870,,,
39937,steam,49871,,,
53837,psn,49868,,,
53837,xbl,49869,,,
53837,bnet,49870,,,
53837,steam,49871,,,
54018,psn,49868,,,
54018,xbl,49869,,,
54018,bnet,49870,,,
54018,steam,49871,,,
46732,psn,48876,,,
46732,xbl,,,,
46732,bnet,,,,
46732,steam,,,,
46703,psn,48876,,,
46703,xbl,,,,
46703,bnet,,,,
46703,steam,,,,
46738,psn,48876,,,
46738,xbl,,,,
46738,bnet,,,,
46738,steam,,,,
46714,psn,48876,,,
46714,xbl,,,,
46714,bnet,,,,
46714,steam,,,,
46718,psn,48876,,,
46718,xbl,,,,
46718,bnet,,,,
46718,steam,,,,
46722,psn,48876,,,
46722,xbl,,,,
46722,bnet,,,,
46722,steam,,,,
46736,psn,48876,,,
46736,xbl,,,,
46736,bnet,,,,
46736,steam,,,,
46727,psn,48876,,,
46727,xbl,,,,
46727,bnet,,,,
46727,steam,,,,
46646,psn,48876,,,
46646,xbl,,,,
46646,bnet,,,,
46646,steam,,,,
46620,psn,48876,,,
46620,xbl,,,,
46620,bnet,,,,
46620,steam,,,,
46653,psn,48876,,,
46653,xbl,,,,
46653,bnet,,,,
46653,steam,,,,
46629,psn,48876,,,
46629,xbl,,,,
46629,bnet,,,,
46629,steam,,,,
46635,psn,48876,,,
46635,xbl,,,,
46635,bnet,,,,
46635,steam,,,,
46643,psn,48876,,,
46643,xbl,,,,
46643,bnet,,,,
46643,steam,,,,
46626,psn,48876,,,
46626,xbl,,,,
46626,bnet,,,,
46626,steam,,,,
49541,psn,53028,,,
49541,xbl,53029,,,
49541,bnet,53030,,,
49541,steam,53031,,,
49537,psn,53028,,,
49537,xbl,53029,,,
49537,bnet,53030,,,
49537,steam,53031,,,
49542,psn,53028,,,
49542,xbl,53029,,,
49542,bnet,53030,,,
49542,steam,53031,,,
49538,psn,53028,,,
49538,xbl,53029,,,
49538,bnet,53030,,,
49538,steam,53031,,,
49539,psn,53028,,,
49539,xbl,53029,,,
49539,bnet,53030,,,
49539,steam,53031,,,
49540,psn,53028,,,
49540,xbl,53029,,,
49540,bnet,53030,,,
49540,steam,53031,,,
49543,psn,53028,,,
49543,xbl,53029,,,
49543,bnet,53030,,,
49543,steam,53031,,,
49555,psn,53028,,,
49555,xbl,53029,,,
49555,bnet,53030,,,
49555,steam,53031,,,
49546,psn,53028,,,
49546,xbl,53029,,,
49546,bnet,53030,,,
49546,steam,53031,,,
49558,psn,53028,,,
49558,xbl,53029,,,
49558,bnet,53030,,,
49558,steam,53031,,,
49548,psn,53028,,,
49548,xbl,53029,,,
49548,bnet,53030,,,
49548,steam,53031,,,
49547,psn,53028,,,
49547,xbl,53029,,,
49547,bnet,53030,,,
49547,steam,53031,,,
49551,psn,53028,,,
49551,xbl,53029,,,
49551,bnet,53030,,,
49551,steam,53031,,,
49552,psn,53028,,,
49552,xbl,53029,,,
49552,bnet,53030,,,
49552,steam,53031,,,
50671,psn,55035,,,
50671,xbl,55036,,,
50671,bnet,55037,,,
50671,steam,55038,,,
50667,psn,55035,,,
50667,xbl,55036,,,
50667,bnet,55037,,,
50667,steam,55038,,,
50672,psn,55035,,,
50672,xbl,55036,,,
50672,bnet,55037,,,
50672,steam,55038,,,
50668,psn,55035,,,
50668,xbl,55036,,,
50668,bnet,55037,,,
50668,steam,55038,,,
50666,psn,55035,,,
50666,xbl,55036,,,
50666,bnet,55037,,,
50666,steam,55038,,,
50669,psn,55035,,,
50669,xbl,55036,,,
50669,bnet,55037,,,
50669,steam,55038,,,
50670,psn,55035,,,
50670,xbl,55036,,,
50670,bnet,55037,,,
50670,steam,55038,,,
50657,psn,55035,,,
50657,xbl,55036,,,
50657,bnet,55037,,,
50657,steam,55038,,,
50651,psn,55035,,,
50651,xbl,55036,,,
50651,bnet,55037,,,
50651,steam,55038,,,
50658,psn,55035,,,
50658,xbl,55036,,,
50658,bnet,55037,,,
50658,steam,55038,,,
50653,psn,55035,,,
50653,xbl,55036,,,
50653,bnet,55037,,,
50653,steam,55038,,,
50654,psn,55035,,,
50654,xbl,55036,,,
50654,bnet,55037,,,
50654,steam,55038,,,
50655,psn,55035,,,
50655,xbl,55036,,,
50655,bnet,55037,,,
50655,steam,55038,,,
50656,psn,55035,,,
50656,xbl,55036,,,
50656,bnet,55037,,,
50656,steam,55038,,,
50652,psn,55035,,,
50652,xbl,55036,,,
50652,bnet,55037,,,
50652,steam,55038,,,
50572,psn,53637,,,
50572,xbl,,,,
50572,bnet,,,,
50572,steam,,,,
50644,psn,53637,,,
50644,xbl,,,,
50644,bnet,,,,
50644,steam,,,,
50575,psn,53637,,,
50575,xbl,,,,
50575,bnet,,,,
50575,steam,,,,
50569,psn,53637,,,
50569,xbl,,,,
50569,bnet,,,,
50569,steam,,,,
50573,psn,53637,,,
50573,xbl,,,,
50573,bnet,,,,
50573,steam,,,,
50570,psn,53637,,,
50570,xbl,,,,
50570,bnet,,,,
50570,steam,,,,
50574,psn,53637,,,
50574,xbl,,,,
50574,bnet,,,,
50574,steam,,,,
50571,psn,53637,,,
50571,xbl,,,,
50571,bnet,,,,
50571,steam,,,,
50580,psn,53637,,,
50580,xbl,,,,
50580,bnet,,,,
50580,steam,,,,
50576,psn,53637,,,
50576,xbl,,,,
50576,bnet,,,,
50576,steam,,,,
50582,psn,53637,,,
50582,xbl,,,,
50582,bnet,,,,
50582,steam,,,,
50577,psn,53637,,,
50577,xbl,,,,
50577,bnet,,,,
50577,steam,,,,
50581,psn,53637,,,
50581,xbl,,,,
50581,bnet,,,,
50581,steam,,,,
50584,psn,53637,,,
50584,xbl,,,,
50584,bnet,,,,
50584,steam,,,,
50578,psn,53637,,,
50578,xbl,,,,
50578,bnet,,,,
50578,steam,,,,
50579,psn,53637,,,
50579,xbl,,,,
50579,bnet,,,,
50579,steam,,,,
50583,psn,53637,,,
50583,xbl,,,,
50583,bnet,,,,
50583,steam,,,,
55689,psn,58527,,,
55689,xbl,58528,,,
55689,bnet,58529,,,
55689,steam,58530,,,
55684,psn,58527,,,
55684,xbl,58528,,,
55684,bnet,58529,,,
55684,steam,58530,,,
55691,psn,58527,,,
55691,xbl,58528,,,
55691,bnet,58529,,,
55691,steam,58530,,,
55685,psn,58527,,,
55685,xbl,58528,,,
55685,bnet,58529,,,
55685,steam,58530,,,
55687,psn,58527,,,
55687,xbl,58528,,,
55687,bnet,58529,,,
55687,steam,58530,,,
55690,psn,58527,,,
55690,xbl,58528,,,
55690,bnet,58529,,,
55690,steam,58530,,,
55688,psn,58527,,,
55688,xbl,58528,,,
55688,bnet,58529,,,
55688,steam,58530,,,
55686,psn,58527,,,
55686,xbl,58528,,,
55686,bnet,58529,,,
55686,steam,58530,,,
56024,psn,58527,,,
56024,xbl,58528,,,
56024,bnet,58529,,,
56024,steam,58530,,,
56019,psn,58527,,,
56019,xbl,58528,,,
56019,bnet,58529,,,
56019,steam,58530,,,
56025,psn,58527,,,
56025,xbl,58528,,,
56025,bnet,58529,,,
56025,steam,58530,,,
56021,psn,58527,,,
56021,xbl,58528,,,
56021,bnet,58529,,,
56021,steam,58530,,,
56018,psn,58527,,,
56018,xbl,58528,,,
56018,bnet,58529,,,
56018,steam,58530,,,
56020,psn,58527,,,
56020,xbl,58528,,,
56020,bnet,58529,,,
56020,steam,58530,,,
56022,psn,58527,,,
56022,xbl,58528,,,
56022,bnet,58529,,,
56022,steam,58530,,,
56023,psn,58527,,,
56023,xbl,58528,,,
56023,bnet,58529,,,
56023,steam,58530,,,
57230,psn,61997,,,
57230,xbl,61998,,,
57230,bnet,61999,,,
57230,steam,62000,,,
55983,psn,61997,,,
55983,xbl,61998,,,
55983,bnet,61999,,,
55983,steam,62000,,,
57242,psn,61997,,,
57242,xbl,61998,,,
57242,bnet,61999,,,
57242,steam,62000,,,
55984,psn,61997,,,
55984,xbl,61998,,,
55984,bnet,61999,,,
55984,steam,62000,,,
57236,psn,61997,,,
57236,xbl,61998,,,
57236,bnet,61999,,,
57236,steam,62000,,,
57238,psn,61997,,,
57238,xbl,61998,,,
57238,bnet,61999,,,
57238,steam,62000,,,
57234,psn,61997,,,
57234,xbl,61998,,,
57234,bnet,61999,,,
57234,steam,62000,,,
56962,psn,61997,,,
56962,xbl,61998,,,
56962,bnet,61999,,,
56962,steam,62000,,,
56957,psn,61997,,,
56957,xbl,61998,,,
56957,bnet,61999,,,
56957,steam,62000,,,
56963,psn,61997,,,
56963,xbl,61998,,,
56963,bnet,61999,,,
56963,steam,62000,,,
56958,psn,61997,,,
56958,xbl,61998,,,
56958,bnet,61999,,,
56958,steam,62000,,,
56956,psn,61997,,,
56956,xbl,61998,,,
56956,bnet,61999,,,
56956,steam,62000,,,
56960,psn,61997,,,
56960,xbl,61998,,,
56960,bnet,61999,,,
56960,steam,62000,,,
56959,psn,61997,,,
56959,xbl,61998,,,
56959,bnet,61999,,,
56959,steam,62000,,,
56961,psn,61997,,,
56961,xbl,61998,,,
56961,bnet,61999,,,
56961,steam,62000,,,
56964,psn,61997,,,
56964,xbl,61998,,,
56964,bnet,61999,,,
56964,steam,62000,,,
55725,psn,58643,,,
55725,xbl,,,,
55725,bnet,,,,
55725,steam,,,,
55710,psn,58643,,,
55710,xbl,,,,
55710,bnet,,,,
55710,steam,,,,
55728,psn,58643,,,
55728,xbl,,,,
55728,bnet,,,,
55728,steam,,,,
56749,psn,58643,,,
56749,xbl,,,,
56749,bnet,,,,
56749,steam,,,,
55718,psn,58643,,,
55718,xbl,,,,
55718,bnet,,,,
55718,steam,,,,
55720,psn,58643,,,
55720,xbl,,,,
55720,bnet,,,,
55720,steam,,,,
55713,psn,58643,,,
55713,xbl,,,,
55713,bnet,,,,
55713,steam,,,,
56572,psn,58643,,,
56572,xbl,,,,
56572,bnet,,,,
56572,steam,,,,
56563,psn,58643,,,
56563,xbl,,,,
56563,bnet,,,,
56563,steam,,,,
56575,psn,58643,,,
56575,xbl,,,,
56575,bnet,,,,
56575,steam,,,,
56565,psn,58643,,,
56565,xbl,,,,
56565,bnet,,,,
56565,steam,,,,
56574,psn,58643,,,
56574,xbl,,,,
56574,bnet,,,,
56574,steam,,,,
56568,psn,58643,,,
56568,xbl,,,,
56568,bnet,,,,
56568,steam,,,,
56570,psn,58643,,,
56570,xbl,,,,
56570,bnet,,,,
56570,steam,,,,
57313,psn,62086,,,
57313,xbl,62087,,,
57313,bnet,62088,,,
57313,steam,62089,,,
57301,psn,62086,,,
57301,xbl,62087,,,
57301,bnet,62088,,,
57301,steam,62089,,,
57316,psn,62086,,,
57316,xbl,62087,,,
57316,bnet,62088,,,
57316,steam,62089,,,
57305,psn,62086,,,
57305,xbl,62087,,,
57305,bnet,62088,,,
57305,steam,62089,,,
57300,psn,62086,,,
57300,xbl,62087,,,
57300,bnet,62088,,,
57300,steam,62089,,,
57308,psn,62086,,,
57308,xbl,62087,,,
57308,bnet,62088,,,
57308,steam,62089,,,
57304,psn,62086,,,
57304,xbl,62087,,,
57304,bnet,62088,,,
57304,steam,62089,,,
57311,psn,62086,,,
57311,xbl,62087,,,
57311,bnet,62088,,,
57311,steam,62089,,,
57295,psn,62086,,,
57295,xbl,62087,,,
57295,bnet,62088,,,
57295,steam,62089,,,
57290,psn,62086,,,
57290,xbl,62087,,,
57290,bnet,62088,,,
57290,steam,62089,,,
57298,psn,62086,,,
57298,xbl,62087,,,
57298,bnet,62088,,,
57298,steam,62089,,,
57292,psn,62086,,,
57292,xbl,62087,,,
57292,bnet,62088,,,
57292,steam,62089,,,
57291,psn,62086,,,
57291,xbl,62087,,,
57291,bnet,62088,,,
57291,steam,62089,,,
57296,psn,62086,,,
57296,xbl,62087,,,
57296,bnet,62088,,,
57296,steam,62089,,,
57299,psn,62086,,,
57299,xbl,62087,,,
57299,bnet,62088,,,
57299,steam,62089,,,
57293,psn,62086,,,
57293,xbl,62087,,,
57293,bnet,62088,,,
57293,steam,62089,,,
57297,psn,62086,,,
57297,xbl,62087,,,
57297,bnet,62088,,,
57297,steam,62089,,,
57294,psn,62086,,,
57294,xbl,62087,,,
57294,bnet,62088,,,
57294,steam,62089,,,
39966,psn,43553,,,
39966,xbl,,,,
39966,bnet,,,,
39966,steam,,,,
39976,psn,43553,,,
39976,xbl,,,,
39976,bnet,,,,
39976,steam,,,,
39988,psn,43553,,,
39988,xbl,,,,
39988,bnet,,,,
39988,steam,,,,
40002,psn,43553,,,
40002,xbl,,,,
40002,bnet,,,,
40002,steam,,,,
42474,psn,43553,,,
42474,xbl,,,,
42474,bnet,,,,
42474,steam,,,,
42480,psn,43553,,,
42480,xbl,,,,
42480,bnet,,,,
42480,steam,,,,
42487,psn,43553,,,
42487,xbl,,,,
42487,bnet,,,,
42487,steam,,,,
40048,psn,43553,,,
40048,xbl,,,,
40048,bnet,,,,
40048,steam,,,,
42490,psn,43553,,,
42490,xbl,,,,
42490,bnet,,,,
42490,steam,,,,
43577,psn,43553,,,
43577,xbl,,,,
43577,bnet,,,,
43577,steam,,,,
45894,psn,49597,,,
45894,xbl,49598,,,
45894,bnet,49599,,,
45894,steam,49600,,,
45893,psn,49593,,,
45893,xbl,49594,,,
45893,bnet,49595,,,
45893,steam,49596,,,
45892,psn,49485,,,
45892,xbl,49486,,,
45892,bnet,49487,,,
45892,steam,49488,,,
45891,psn,49481,,,
45891,xbl,49482,,,
45891,bnet,49483,,,
45891,steam,49484,,,
45890,psn,49477,,,
45890,xbl,49478,,,
45890,bnet,49479,,,
45890,steam,49480,,,
45889,psn,49473,,,
45889,xbl,49474,,,
45889,bnet,49475,,,
45889,steam,49476,,,
45888,psn,49468,,,
45888,xbl,49469,,,
45888,bnet,49470,,,
45888,steam,49471,,,
45887,psn,49464,,,
45887,xbl,49465,,,
45887,bnet,49466,,,
45887,steam,49467,,,
45886,psn,49460,,,
45886,xbl,49461,,,
45886,bnet,49462,,,
45886,steam,49463,,,
45883,psn,49456,,,
45883,xbl,49457,,,
45883,bnet,49458,,,
45883,steam,49459,,,
45885,psn,49452,,,
45885,xbl,49453,,,
45885,bnet,49454,,,
45885,steam,49455,,,
45884,psn,49444,,,
45884,xbl,49445,,,
45884,bnet,49446,,,
45884,steam,49447,,,
37371,psn,48290,,,
37371,xbl,48291,,,
37371,bnet,48292,,,
37371,steam,48293,,,
30772,psn,49868|35574,,,
30772,xbl,49869|35574,,,
30772,bnet,49870|35574,,,
30772,steam,49871|35574,,,
44503,psn,48876,,,
44503,xbl,,,,
44503,bnet,,,,
44503,steam,,,,
37344,psn,49597,,,
37344,xbl,49598,,,
37344,bnet,49599,,,
37344,steam,49600,,,
37343,psn,49593,,,
37343,xbl,49594,,,
37343,bnet,49595,,,
37343,steam,49596,,,
47222,psn,49485,,,
47222,xbl,49486,,,
47222,bnet,49487,,,
47222,steam,49488,,,
47411,psn,49481,,,
47411,xbl,49482,,,
47411,bnet,49483,,,
47411,steam,49484,,,
37342,psn,49477,,,
37342,xbl,49478,,,
37342,bnet,49479,,,
37342,steam,49480,,,
37075,psn,49473,,,
37075,xbl,49474,,,
37075,bnet,49475,,,
37075,steam,49476,,,
37074,psn,49468,,,
37074,xbl,49469,,,
37074,bnet,49470,,,
37074,steam,49471,,,
37073,psn,49464,,,
37073,xbl,49465,,,
37073,bnet,49466,,,
37073,steam,49467,,,
37072,psn,49460,,,
37072,xbl,49461,,,
37072,bnet,49462,,,
37072,steam,49463,,,
37071,psn,49456,,,
37071,xbl,49457,,,
37071,bnet,49458,,,
37071,steam,49459,,,
37070,psn,49452,,,
37070,xbl,49453,,,
37070,bnet,49454,,,
37070,steam,49455,,,
37069,psn,49444,,,
37069,xbl,49445,,,
37069,bnet,49446,,,
37069,steam,49447,,,
43571,psn,48878,,,
43571,xbl,48879,,,
43571,bnet,48880,,,
43571,steam,48881,,,
52010,psn,53028,,,
52010,xbl,53029,,,
52010,bnet,53030,,,
52010,steam,53031,,,
51700,psn,53637,,,
51700,xbl,,,,
51700,bnet,,,,
51700,steam,,,,
57069,psn,58643,,,
57069,xbl,,,,
57069,bnet,,,,
57069,steam,,,,
60988,psn,62086,,,
60988,xbl,62087,,,
60988,bnet,62088,,,
60988,steam,62089,,,
22252,psn,48876|53637|58643|43553,,,
22252,xbl,,,,
22252,bnet,,,,
22252,steam,,,,
31374,psn,62086,,,
31374,xbl,62087,,,
31374,bnet,62088,,,
31374,steam,62089,,,
29825,psn,48290|48298|48369|55030|53619|54839|53638|61914,,,
29825,xbl,48291|48298|48369|55030|53619|54839|53638|61914,,,
29825,bnet,48292|48298|48369|55030|53619|54839|53638|61914,,,
29825,steam,48293|48298|48369|55030|53619|54839|53638|61914,,,
29829,psn,48876|53637|58643|43553,,,
29829,xbl,,,,
29829,bnet,,,,
29829,steam,,,,
28079,psn,49597|49593|49485|49481|49477|49473|49468|49464|49460|49456|49452|49444|49216|49195|49196|49197|49198|49199|49200|49201|49202|48398,,,
28079,xbl,49598|49594|49486|49482|49478|49474|49469|49465|49461|49457|49453|49445|49216|49195|49196|49197|49198|49199|49200|49201|49202|48398,,,
28079,bnet,49599|49595|49487|49483|49479|49475|49470|49466|49462|49458|49454|49446|49216|49195|49196|49197|49198|49199|49200|49201|49202|48398,,,
28079,steam,49600|49596|49488|49484|49480|49476|49471|49467|49463|49459|49455|49447|49216|49195|49196|49197|49198|49199|49200|49201|49202|48398,,,
30353,psn,49597|49593|49485|49481|49477|49473|49468|49464|49460|49456|49452|49444|49216|49195|49196|49197|49198|49199|49200|49201|49202|35574|48398,,,
30353,xbl,49598|49594|49486|49482|49478|49474|49469|49465|49461|49457|49453|49445|49216|49195|49196|49197|49198|49199|49200|49201|49202|35574|48398,,,
30353,bnet,49599|49595|49487|49483|49479|49475|49470|49466|49462|49458|49454|49446|49216|49195|49196|49197|49198|49199|49200|49201|49202|35574|48398,,,
30353,steam,49600|49596|49488|49484|49480|49476|49471|49467|49463|49459|49455|49447|49216|49195|49196|49197|49198|49199|49200|49201|49202|35574|48398,,,
28022,psn,49597|49593|49485|49481|49477|49473|49468|49464|49460|49456|49452|49444|49216|49195|49196|49197|49198|49199|49200|49201|49202|48398,,,
28022,xbl,49598|49594|49486|49482|49478|49474|49469|49465|49461|49457|49453|49445|49216|49195|49196|49197|49198|49199|49200|49201|49202|48398,,,
28022,bnet,49599|49595|49487|49483|49479|49475|49470|49466|49462|49458|49454|49446|49216|49195|49196|49197|49198|49199|49200|49201|49202|48398,,,
28022,steam,49600|49596|49488|49484|49480|49476|49471|49467|49463|49459|49455|49447|49216|49195|49196|49197|49198|49199|49200|49201|49202|48398,,,
30352,psn,49597|49593|49485|49481|49477|49473|49468|49464|49460|49456|49452|49444|49216|49195|49196|49197|49198|49199|49200|49201|49202|48398,,,
30352,xbl,49598|49594|49486|49482|49478|49474|49469|49465|49461|49457|49453|49445|49216|49195|49196|49197|49198|49199|49200|49201|49202|48398,,,
30352,bnet,49599|49595|49487|49483|49479|49475|49470|49466|49462|49458|49454|49446|49216|49195|49196|49197|49198|49199|49200|49201|49202|48398,,,
30352,steam,49600|49596|49488|49484|49480|49476|49471|49467|49463|49459|49455|49447|49216|49195|49196|49197|49198|49199|49200|49201|49202|48398,,,
21644,psn,53028|48299|49776|48380|55043|61923|58535,,,
21644,xbl,53029|48299|49776|48380|55043|61923|58535,,,
21644,bnet,53030|48299|49776|48380|55043|61923|58535,,,
21644,steam,53031|48299|49776|48380|55043|61923|58535,,,
29834,psn,62086,,,
29834,xbl,62087,,,
29834,bnet,62088,,,
29834,steam,62089,,,
30327,psn,48290,,,
30327,xbl,48291,,,
30327,bnet,48292,,,
30327,steam,48293,,,
30337,psn,49868,,,
30337,xbl,49869,,,
30337,bnet,49870,,,
30337,steam,49871,,,
37225,psn,48876,,,
37225,xbl,,,,
37225,bnet,,,,
37225,steam,,,,
39227,psn,49597,,,
39227,xbl,49598,,,
39227,bnet,49599,,,
39227,steam,49600,,,
39605,psn,49597,,,
39605,xbl,49598,,,
39605,bnet,49599,,,
39605,steam,49600,,,
39226,psn,49597,,,
39226,xbl,49598,,,
39226,bnet,49599,,,
39226,steam,49600,,,
39604,psn,49597,,,
39604,xbl,49598,,,
39604,bnet,49599,,,
39604,steam,49600,,,
39225,psn,49593,,,
39225,xbl,49594,,,
39225,bnet,49595,,,
39225,steam,49596,,,
39603,psn,49593,,,
39603,xbl,49594,,,
39603,bnet,49595,,,
39603,steam,49596,,,
39224,psn,49593,,,
39224,xbl,49594,,,
39224,bnet,49595,,,
39224,steam,49596,,,
39602,psn,49593,,,
39602,xbl,49594,,,
39602,bnet,49595,,,
39602,steam,49596,,,
45423,psn,49485,,,
45423,xbl,49486,,,
45423,bnet,49487,,,
45423,steam,49488,,,
45422,psn,49485,,,
45422,xbl,49486,,,
45422,bnet,49487,,,
45422,steam,49488,,,
45421,psn,49485,,,
45421,xbl,49486,,,
45421,bnet,49487,,,
45421,steam,49488,,,
45420,psn,49485,,,
45420,xbl,49486,,,
45420,bnet,49487,,,
45420,steam,49488,,,
39237,psn,49481,,,
39237,xbl,49482,,,
39237,bnet,49483,,,
39237,steam,49484,,,
39615,psn,49481,,,
39615,xbl,49482,,,
39615,bnet,49483,,,
39615,steam,49484,,,
39236,psn,49481,,,
39236,xbl,49482,,,
39236,bnet,49483,,,
39236,steam,49484,,,
39614,psn,49481,,,
39614,xbl,49482,,,
39614,bnet,49483,,,
39614,steam,49484,,,
39229,psn,49477,,,
39229,xbl,49478,,,
39229,bnet,49479,,,
39229,steam,49480,,,
39607,psn,49477,,,
39607,xbl,49478,,,
39607,bnet,49479,,,
39607,steam,49480,,,
39228,psn,49477,,,
39228,xbl,49478,,,
39228,bnet,49479,,,
39228,steam,49480,,,
39606,psn,49477,,,
39606,xbl,49478,,,
39606,bnet,49479,,,
39606,steam,49480,,,
39245,psn,49473,,,
39245,xbl,49474,,,
39245,bnet,49475,,,
39245,steam,49476,,,
39623,psn,49473,,,
39623,xbl,49474,,,
39623,bnet,49475,,,
39623,steam,49476,,,
39244,psn,49473,,,
39244,xbl,49474,,,
39244,bnet,49475,,,
39244,steam,49476,,,
39622,psn,49473,,,
39622,xbl,49474,,,
39622,bnet,49475,,,
39622,steam,49476,,,
39239,psn,49468,,,
39239,xbl,49469,,,
39239,bnet,49470,,,
39239,steam,49471,,,
39617,psn,49468,,,
39617,xbl,49469,,,
39617,bnet,49470,,,
39617,steam,49471,,,
39238,psn,49468,,,
39238,xbl,49469,,,
39238,bnet,49470,,,
39238,steam,49471,,,
39616,psn,49468,,,
39616,xbl,49469,,,
39616,bnet,49470,,,
39616,steam,49471,,,
39241,psn,49464,,,
39241,xbl,49465,,,
39241,bnet,49466,,,
39241,steam,49467,,,
39619,psn,49464,,,
39619,xbl,49465,,,
39619,bnet,49466,,,
39619,steam,49467,,,
39240,psn,49464,,,
39240,xbl,49465,,,
39240,bnet,49466,,,
39240,steam,49467,,,
39618,psn,49464,,,
39618,xbl,49465,,,
39618,bnet,49466,,,
39618,steam,49467,,,
39235,psn,49460,,,
39235,xbl,49461,,,
39235,bnet,49462,,,
39235,steam,49463,,,
39613,psn,49460,,,
39613,xbl,49461,,,
39613,bnet,49462,,,
39613,steam,49463,,,
39234,psn,49460,,,
39234,xbl,49461,,,
39234,bnet,49462,,,
39234,steam,49463,,,
39612,psn,49460,,,
39612,xbl,49461,,,
39612,bnet,49462,,,
39612,steam,49463,,,
39243,psn,49456,,,
39243,xbl,49457,,,
39243,bnet,49458,,,
39243,steam,49459,,,
39621,psn,49456,,,
39621,xbl,49457,,,
39621,bnet,49458,,,
39621,steam,49459,,,
39242,psn,49456,,,
39242,xbl,49457,,,
39242,bnet,49458,,,
39242,steam,49459,,,
39620,psn,49456,,,
39620,xbl,49457,,,
39620,bnet,49458,,,
39620,steam,49459,,,
39247,psn,49452,,,
39247,xbl,49453,,,
39247,bnet,49454,,,
39247,steam,49455,,,
39625,psn,49452,,,
39625,xbl,49453,,,
39625,bnet,49454,,,
39625,steam,49455,,,
39246,psn,49452,,,
39246,xbl,49453,,,
39246,bnet,49454,,,
39246,steam,49455,,,
39624,psn,49452,,,
39624,xbl,49453,,,
39624,bnet,49454,,,
39624,steam,49455,,,
39231,psn,49444,,,
39231,xbl,49445,,,
39231,bnet,49446,,,
39231,steam,49447,,,
39609,psn,49444,,,
39609,xbl,49445,,,
39609,bnet,49446,,,
39609,steam,49447,,,
39230,psn,49444,,,
39230,xbl,49445,,,
39230,bnet,49446,,,
39230,steam,49447,,,
39608,psn,49444,,,
39608,xbl,49445,,,
39608,bnet,49446,,,
39608,steam,49447,,,
48103,psn,53028,,,
48103,xbl,53029,,,
48103,bnet,53030,,,
48103,steam,53031,,,
48101,psn,55035,,,
48101,xbl,55036,,,
48101,bnet,55037,,,
48101,steam,55038,,,
49443,psn,53637,,,
49443,xbl,,,,
49443,bnet,,,,
49443,steam,,,,
54831,psn,58527,,,
54831,xbl,58528,,,
54831,bnet,58529,,,
54831,steam,58530,,,
57043,psn,61997,,,
57043,xbl,61998,,,
57043,bnet,61999,,,
57043,steam,62000,,,
58373,psn,58643,,,
58373,xbl,,,,
58373,bnet,,,,
58373,steam,,,,
55465,psn,62086,,,
55465,xbl,62087,,,
55465,bnet,62088,,,
55465,steam,62089,,,
56687,psn,62086,,,
56687,xbl,62087,,,
56687,bnet,62088,,,
56687,steam,62089,,,
29849,psn,43553,,,
29849,xbl,,,,
29849,bnet,,,,
29849,steam,,,,
44287,psn,48290,,,
44287,xbl,48291,,,
44287,bnet,48292,,,
44287,steam,48293,,,
44246,psn,49868,,,
44246,xbl,49869,,,
44246,bnet,49870,,,
44246,steam,49871,,,
44391,psn,48876,,,
44391,xbl,,,,
44391,bnet,,,,
44391,steam,,,,
44325,psn,49597,,,
44325,xbl,49598,,,
44325,bnet,49599,,,
44325,steam,49600,,,
44324,psn,49593,,,
44324,xbl,49594,,,
44324,bnet,49595,,,
44324,steam,49596,,,
44327,psn,49485,,,
44327,xbl,49486,,,
44327,bnet,49487,,,
44327,steam,49488,,,
44330,psn,49481,,,
44330,xbl,49482,,,
44330,bnet,49483,,,
44330,steam,49484,,,
44326,psn,49477,,,
44326,xbl,49478,,,
44326,bnet,49479,,,
44326,steam,49480,,,
44334,psn,49473,,,
44334,xbl,49474,,,
44334,bnet,49475,,,
44334,steam,49476,,,
44331,psn,49468,,,
44331,xbl,49469,,,
44331,bnet,49470,,,
44331,steam,49471,,,
44332,psn,49464,,,
44332,xbl,49465,,,
44332,bnet,49466,,,
44332,steam,49467,,,
44329,psn,49460,,,
44329,xbl,49461,,,
44329,bnet,49462,,,
44329,steam,49463,,,
44333,psn,49456,,,
44333,xbl,49457,,,
44333,bnet,49458,,,
44333,steam,49459,,,
44335,psn,49452,,,
44335,xbl,49453,,,
44335,bnet,49454,,,
44335,steam,49455,,,
44328,psn,49444,,,
44328,xbl,49445,,,
44328,bnet,49446,,,
44328,steam,49447,,,
43596,psn,48878,,,
43596,xbl,48879,,,
43596,bnet,48880,,,
43596,steam,48881,,,
51847,psn,53028,,,
51847,xbl,53029,,,
51847,bnet,53030,,,
51847,steam,53031,,,
52048,psn,53637,,,
52048,xbl,,,,
52048,bnet,,,,
52048,steam,,,,
57153,psn,58643,,,
57153,xbl,,,,
57153,bnet,,,,
57153,steam,,,,
60993,psn,62086,,,
60993,xbl,62087,,,
60993,bnet,62088,,,
60993,steam,62089,,,
35873,psn,48290,,,
35873,xbl,48291,,,
35873,bnet,48292,,,
35873,steam,48293,,,
30434,psn,49868|35574,,,
30434,xbl,49869|35574,,,
30434,bnet,49870|35574,,,
30434,steam,49871|35574,,,
44159,psn,48876,,,
44159,xbl,,,,
44159,bnet,,,,
44159,steam,,,,
36406,psn,49597,,,
36406,xbl,49598,,,
36406,bnet,49599,,,
36406,steam,49600,,,
36402,psn,49597,,,
36402,xbl,49598,,,
36402,bnet,49599,,,
36402,steam,49600,,,
36405,psn,49593,,,
36405,xbl,49594,,,
36405,bnet,49595,,,
36405,steam,49596,,,
36401,psn,49593,,,
36401,xbl,49594,,,
36401,bnet,49595,,,
36401,steam,49596,,,
44145,psn,49485,,,
44145,xbl,49486,,,
44145,bnet,49487,,,
44145,steam,49488,,,
44151,psn,49485,,,
44151,xbl,49486,,,
44151,bnet,49487,,,
44151,steam,49488,,,
44144,psn,49481,,,
44144,xbl,49482,,,
44144,bnet,49483,,,
44144,steam,49484,,,
44152,psn,49481,,,
44152,xbl,49482,,,
44152,bnet,49483,,,
44152,steam,49484,,,
36391,psn,49477,,,
36391,xbl,49478,,,
36391,bnet,49479,,,
36391,steam,49480,,,
36387,psn,49477,,,
36387,xbl,49478,,,
36387,bnet,49479,,,
36387,steam,49480,,,
36390,psn,49473,,,
36390,xbl,49474,,,
36390,bnet,49475,,,
36390,steam,49476,,,
36386,psn,49473,,,
36386,xbl,49474,,,
36386,bnet,49475,,,
36386,steam,49476,,,
36389,psn,49468,,,
36389,xbl,49469,,,
36389,bnet,49470,,,
36389,steam,49471,,,
36385,psn,49468,,,
36385,xbl,49469,,,
36385,bnet,49470,,,
36385,steam,49471,,,
36388,psn,49464,,,
36388,xbl,49465,,,
36388,bnet,49466,,,
36388,steam,49467,,,
36384,psn,49464,,,
36384,xbl,49465,,,
36384,bnet,49466,,,
36384,steam,49467,,,
36374,psn,49460,,,
36374,xbl,49461,,,
36374,bnet,49462,,,
36374,steam,49463,,,
36370,psn,49460,,,
36370,xbl,49461,,,
36370,bnet,49462,,,
36370,steam,49463,,,
36375,psn,49456,,,
36375,xbl,49457,,,
36375,bnet,49458,,,
36375,steam,49459,,,
36371,psn,49456,,,
36371,xbl,49457,,,
36371,bnet,49458,,,
36371,steam,49459,,,
36373,psn,49452,,,
36373,xbl,49453,,,
36373,bnet,49454,,,
36373,steam,49455,,,
36369,psn,49452,,,
36369,xbl,49453,,,
36369,bnet,49454,,,
36369,steam,49455,,,
36372,psn,49444,,,
36372,xbl,49445,,,
36372,bnet,49446,,,
36372,steam,49447,,,
36368,psn,49444,,,
36368,xbl,49445,,,
36368,bnet,49446,,,
36368,steam,49447,,,
36418,psn,48878,,,
36418,xbl,48879,,,
36418,bnet,48880,,,
36418,steam,48881,,,
52557,psn,53028,,,
52557,xbl,53029,,,
52557,bnet,53030,,,
52557,steam,53031,,,
52986,psn,55035,,,
52986,xbl,55036,,,
52986,bnet,55037,,,
52986,steam,55038,,,
52906,psn,55035,,,
52906,xbl,55036,,,
52906,bnet,55037,,,
52906,steam,55038,,,
52568,psn,53637,,,
52568,xbl,,,,
52568,bnet,,,,
52568,steam,,,,
56412,psn,58527,,,
56412,xbl,58528,,,
56412,bnet,58529,,,
56412,steam,58530,,,
55871,psn,58527,,,
55871,xbl,58528,,,
55871,bnet,58529,,,
55871,steam,58530,,,
56413,psn,61997,,,
56413,xbl,61998,,,
56413,bnet,61999,,,
56413,steam,62000,,,
55872,psn,61997,,,
55872,xbl,61998,,,
55872,bnet,61999,,,
55872,steam,62000,,,
55894,psn,58643,,,
55894,xbl,,,,
55894,bnet,,,,
55894,steam,,,,
61003,psn,62086,,,
61003,xbl,62087,,,
61003,bnet,62088,,,
61003,steam,62089,,,
60997,psn,62086,,,
60997,xbl,62087,,,
60997,bnet,62088,,,
60997,steam,62089,,,
32435,psn,48290,,,
32435,xbl,48291,,,
32435,bnet,48292,,,
32435,steam,48293,,,
33368,psn,48290,,,
33368,xbl,48291,,,
33368,bnet,48292,,,
33368,steam,48293,,,
26742,psn,49868,,,
26742,xbl,49869,,,
26742,bnet,49870,,,
26742,steam,49871,,,
34367,psn,49868,,,
34367,xbl,49869,,,
34367,bnet,49870,,,
34367,steam,49871,,,
43702,psn,48876,,,
43702,xbl,,,,
43702,bnet,,,,
43702,steam,,,,
44203,psn,48876,,,
44203,xbl,,,,
44203,bnet,,,,
44203,steam,,,,
49407,psn,53028,,,
49407,xbl,53029,,,
49407,bnet,53030,,,
49407,steam,53031,,,
49409,psn,53028,,,
49409,xbl,53029,,,
49409,bnet,53030,,,
49409,steam,53031,,,
50616,psn,55035,,,
50616,xbl,55036,,,
50616,bnet,55037,,,
50616,steam,55038,,,
50612,psn,55035,,,
50612,xbl,55036,,,
50612,bnet,55037,,,
50612,steam,55038,,,
50392,psn,53637,,,
50392,xbl,,,,
50392,bnet,,,,
50392,steam,,,,
49957,psn,53637,,,
49957,xbl,,,,
49957,bnet,,,,
49957,steam,,,,
55584,psn,58527,,,
55584,xbl,58528,,,
55584,bnet,58529,,,
55584,steam,58530,,,
56011,psn,58527,,,
56011,xbl,58528,,,
56011,bnet,58529,,,
56011,steam,58530,,,
55987,psn,61997,,,
55987,xbl,61998,,,
55987,bnet,61999,,,
55987,steam,62000,,,
56384,psn,61997,,,
56384,xbl,61998,,,
56384,bnet,61999,,,
56384,steam,62000,,,
55588,psn,58643,,,
55588,xbl,,,,
55588,bnet,,,,
55588,steam,,,,
56520,psn,58643,,,
56520,xbl,,,,
56520,bnet,,,,
56520,steam,,,,
57183,psn,62086,,,
57183,xbl,62087,,,
57183,bnet,62088,,,
57183,steam,62089,,,
57128,psn,62086,,,
57128,xbl,62087,,,
57128,bnet,62088,,,
57128,steam,62089,,,
32098,psn,43553,,,
32098,xbl,,,,
32098,bnet,,,,
32098,steam,,,,
43673,psn,43553,,,
43673,xbl,,,,
43673,bnet,,,,
43673,steam,,,,
36415,psn,48290,,,
36415,xbl,48291,,,
36415,bnet,48292,,,
36415,steam,48293,,,
43055,psn,49868,,,
43055,xbl,49869,,,
43055,bnet,49870,,,
43055,steam,49871,,,
48531,psn,48876,,,
48531,xbl,,,,
48531,bnet,,,,
48531,steam,,,,
43076,psn,49597,,,
43076,xbl,49598,,,
43076,bnet,49599,,,
43076,steam,49600,,,
43078,psn,49593,,,
43078,xbl,49594,,,
43078,bnet,49595,,,
43078,steam,49596,,,
43079,psn,49485,,,
43079,xbl,49486,,,
43079,bnet,49487,,,
43079,steam,49488,,,
43080,psn,49481,,,
43080,xbl,49482,,,
43080,bnet,49483,,,
43080,steam,49484,,,
43081,psn,49477,,,
43081,xbl,49478,,,
43081,bnet,49479,,,
43081,steam,49480,,,
43082,psn,49473,,,
43082,xbl,49474,,,
43082,bnet,49475,,,
43082,steam,49476,,,
41120,psn,49468,,,
41120,xbl,49469,,,
41120,bnet,49470,,,
41120,steam,49471,,,
43084,psn,49464,,,
43084,xbl,49465,,,
43084,bnet,49466,,,
43084,steam,49467,,,
41121,psn,49460,,,
41121,xbl,49461,,,
41121,bnet,49462,,,
41121,steam,49463,,,
43525,psn,49456,,,
43525,xbl,49457,,,
43525,bnet,49458,,,
43525,steam,49459,,,
43086,psn,49452,,,
43086,xbl,49453,,,
43086,bnet,49454,,,
43086,steam,49455,,,
43087,psn,49444,,,
43087,xbl,49445,,,
43087,bnet,49446,,,
43087,steam,49447,,,
52552,psn,53028,,,
52552,xbl,53029,,,
52552,bnet,53030,,,
52552,steam,53031,,,
52872,psn,55035,,,
52872,xbl,55036,,,
52872,bnet,55037,,,
52872,steam,55038,,,
52528,psn,53637,,,
52528,xbl,,,,
52528,bnet,,,,
52528,steam,,,,
58173,psn,58527,,,
58173,xbl,58528,,,
58173,bnet,58529,,,
58173,steam,58530,,,
61995,psn,61997,,,
61995,xbl,61998,,,
61995,bnet,61999,,,
61995,steam,62000,,,
58182,psn,58643,,,
58182,xbl,,,,
58182,bnet,,,,
58182,steam,,,,
62675,psn,62086,,,
62675,xbl,62087,,,
62675,bnet,62088,,,
62675,steam,62089,,,
10926,psn,11976,,,
10926,xbl,11977,,,
10926,bnet,11978,,,
10926,steam,11979,,,
10626,psn,11976,,,
10626,xbl,11977,,,
10626,bnet,11978,,,
10626,steam,11979,,,
11012,psn,11976,,,
11012,xbl,11977,,,
11012,bnet,11978,,,
11012,steam,11979,,,
10908,psn,11976,,,
10908,xbl,11977,,,
10908,bnet,11978,,,
10908,steam,11979,,,
11021,psn,11976,,,
11021,xbl,11977,,,
11021,bnet,11978,,,
11021,steam,11979,,,
10591,psn,11976,,,
10591,xbl,11977,,,
10591,bnet,11978,,,
10591,steam,11979,,,
10740,psn,11976,,,
10740,xbl,11977,,,
10740,bnet,11978,,,
10740,steam,11979,,,
13170,psn,11976,,,
13170,xbl,11977,,,
13170,bnet,11978,,,
13170,steam,11979,,,
12942,psn,11976,,,
12942,xbl,11977,,,
12942,bnet,11978,,,
12942,steam,11979,,,
13040,psn,11976,,,
13040,xbl,11977,,,
13040,bnet,11978,,,
13040,steam,11979,,,
13023,psn,11976,,,
13023,xbl,11977,,,
13023,bnet,11978,,,
13023,steam,11979,,,
12930,psn,11976,,,
12930,xbl,11977,,,
12930,bnet,11978,,,
12930,steam,11979,,,
13101,psn,11976,,,
13101,xbl,11977,,,
13101,bnet,11978,,,
13101,steam,11979,,,
1784,psn,11976|13390,,,
1784,xbl,11977|13391,,,
1784,bnet,11978|13399,,,
1784,steam,11979|13316,,,
1200,psn,11976|13390,,,
1200,xbl,11977|13391,,,
1200,bnet,11978|13399,,,
1200,steam,11979|13316,,,
3507,psn,11976|13570|13390,,,
3507,xbl,11977|13391,,,
3507,bnet,11978|13399,,,
3507,steam,11979|13316,,,
3861,psn,11976,,,
3861,xbl,11977,,,
3861,bnet,11978,,,
3861,steam,11979,,,
10837,psn,13390,,,
10837,xbl,13391,,,
10837,bnet,13399,,,
10837,steam,13316,,,
10916,psn,13390,,,
10916,xbl,13391,,,
10916,bnet,13399,,,
10916,steam,13316,,,
10631,psn,13390,,,
10631,xbl,13391,,,
10631,bnet,13399,,,
10631,steam,13316,,,
11076,psn,13390,,,
11076,xbl,13391,,,
11076,bnet,13399,,,
11076,steam,13316,,,
10749,psn,13390,,,
10749,xbl,13391,,,
10749,bnet,13399,,,
10749,steam,13316,,,
10726,psn,13390,,,
10726,xbl,13391,,,
10726,bnet,13399,,,
10726,steam,13316,,,
10737,psn,13390,,,
10737,xbl,13391,,,
10737,bnet,13399,,,
10737,steam,13316,,,
10903,psn,13390,,,
10903,xbl,13391,,,
10903,bnet,13399,,,
10903,steam,13316,,,
10870,psn,13390,,,
10870,xbl,13391,,,
10870,bnet,13399,,,
10870,steam,13316,,,
10628,psn,13390,,,
10628,xbl,13391,,,
10628,bnet,13399,,,
10628,steam,13316,,,
11005,psn,13390,,,
11005,xbl,13391,,,
11005,bnet,13399,,,
11005,steam,13316,,,
10785,psn,13390,,,
10785,xbl,13391,,,
10785,bnet,13399,,,
10785,steam,13316,,,
10657,psn,13390,,,
10657,xbl,13391,,,
10657,bnet,13399,,,
10657,steam,13316,,,
11024,psn,13390,,,
11024,xbl,13391,,,
11024,bnet,13399,,,
11024,steam,13316,,,
10947,psn,13390,,,
10947,xbl,13391,,,
10947,bnet,13399,,,
10947,steam,13316,,,
10673,psn,13390,,,
10673,xbl,13391,,,
10673,bnet,13399,,,
10673,steam,13316,,,
10869,psn,13390,,,
10869,xbl,13391,,,
10869,bnet,13399,,,
10869,steam,13316,,,
10899,psn,13390,,,
10899,xbl,13391,,,
10899,bnet,13399,,,
10899,steam,13316,,,
10660,psn,13390,,,
10660,xbl,13391,,,
10660,bnet,13399,,,
10660,steam,13316,,,
10580,psn,13390,,,
10580,xbl,13391,,,
10580,bnet,13399,,,
10580,steam,13316,,,
10702,psn,13390,,,
10702,xbl,13391,,,
10702,bnet,13399,,,
10702,steam,13316,,,
10808,psn,13390,,,
10808,xbl,13391,,,
10808,bnet,13399,,,
10808,steam,13316,,,
11026,psn,13390,,,
11026,xbl,13391,,,
11026,bnet,13399,,,
11026,steam,13316,,,
10609,psn,13390,,,
10609,xbl,13391,,,
10609,bnet,13399,,,
10609,steam,13316,,,
10949,psn,13390,,,
10949,xbl,13391,,,
10949,bnet,13399,,,
10949,steam,13316,,,
10874,psn,13390,,,
10874,xbl,13391,,,
10874,bnet,13399,,,
10874,steam,13316,,,
11062,psn,13390,,,
11062,xbl,13391,,,
11062,bnet,13399,,,
11062,steam,13316,,,
10686,psn,13390,,,
10686,xbl,13391,,,
10686,bnet,13399,,,
10686,steam,13316,,,
11032,psn,13390,,,
11032,xbl,13391,,,
11032,bnet,13399,,,
11032,steam,13316,,,
10732,psn,13390,,,
10732,xbl,13391,,,
10732,bnet,13399,,,
10732,steam,13316,,,
10955,psn,13390,,,
10955,xbl,13391,,,
10955,bnet,13399,,,
10955,steam,13316,,,
10633,psn,13390,,,
10633,xbl,13391,,,
10633,bnet,13399,,,
10633,steam,13316,,,
11061,psn,13390,,,
11061,xbl,13391,,,
11061,bnet,13399,,,
11061,steam,13316,,,
10973,psn,13390,,,
10973,xbl,13391,,,
10973,bnet,13399,,,
10973,steam,13316,,,
10948,psn,13390,,,
10948,xbl,13391,,,
10948,bnet,13399,,,
10948,steam,13316,,,
10977,psn,13390,,,
10977,xbl,13391,,,
10977,bnet,13399,,,
10977,steam,13316,,,
10729,psn,13390,,,
10729,xbl,13391,,,
10729,bnet,13399,,,
10729,steam,13316,,,
10784,psn,13390,,,
10784,xbl,13391,,,
10784,bnet,13399,,,
10784,steam,13316,,,
10953,psn,13390,,,
10953,xbl,13391,,,
10953,bnet,13399,,,
10953,steam,13316,,,
11019,psn,13390,,,
11019,xbl,13391,,,
11019,bnet,13399,,,
11019,steam,13316,,,
10597,psn,13390,,,
10597,xbl,13391,,,
10597,bnet,13399,,,
10597,steam,13316,,,
10907,psn,13390,,,
10907,xbl,13391,,,
10907,bnet,13399,,,
10907,steam,13316,,,
10879,psn,13390,,,
10879,xbl,13391,,,
10879,bnet,13399,,,
10879,steam,13316,,,
11058,psn,13390,,,
11058,xbl,13391,,,
11058,bnet,13399,,,
11058,steam,13316,,,
10851,psn,13390,,,
10851,xbl,13391,,,
10851,bnet,13399,,,
10851,steam,13316,,,
10862,psn,13390,,,
10862,xbl,13391,,,
10862,bnet,13399,,,
10862,steam,13316,,,
10960,psn,13390,,,
10960,xbl,13391,,,
10960,bnet,13399,,,
10960,steam,13316,,,
10859,psn,13390,,,
10859,xbl,13391,,,
10859,bnet,13399,,,
10859,steam,13316,,,
10769,psn,13390,,,
10769,xbl,13391,,,
10769,bnet,13399,,,
10769,steam,13316,,,
10645,psn,13390,,,
10645,xbl,13391,,,
10645,bnet,13399,,,
10645,steam,13316,,,
10622,psn,13390,,,
10622,xbl,13391,,,
10622,bnet,13399,,,
10622,steam,13316,,,
10793,psn,13390,,,
10793,xbl,13391,,,
10793,bnet,13399,,,
10793,steam,13316,,,
10864,psn,13390,,,
10864,xbl,13391,,,
10864,bnet,13399,,,
10864,steam,13316,,,
10893,psn,13390,,,
10893,xbl,13391,,,
10893,bnet,13399,,,
10893,steam,13316,,,
11025,psn,13390,,,
11025,xbl,13391,,,
11025,bnet,13399,,,
11025,steam,13316,,,
10796,psn,13390,,,
10796,xbl,13391,,,
10796,bnet,13399,,,
10796,steam,13316,,,
10778,psn,13390,,,
10778,xbl,13391,,,
10778,bnet,13399,,,
10778,steam,13316,,,
10643,psn,13390,,,
10643,xbl,13391,,,
10643,bnet,13399,,,
10643,steam,13316,,,
10624,psn,13390,,,
10624,xbl,13391,,,
10624,bnet,13399,,,
10624,steam,13316,,,
10865,psn,13390,,,
10865,xbl,13391,,,
10865,bnet,13399,,,
10865,steam,13316,,,
10954,psn,13390,,,
10954,xbl,13391,,,
10954,bnet,13399,,,
10954,steam,13316,,,
10976,psn,13390,,,
10976,xbl,13391,,,
10976,bnet,13399,,,
10976,steam,13316,,,
11033,psn,13390,,,
11033,xbl,13391,,,
11033,bnet,13399,,,
11033,steam,13316,,,
10714,psn,13390,,,
10714,xbl,13391,,,
10714,bnet,13399,,,
10714,steam,13316,,,
10937,psn,13390,,,
10937,xbl,13391,,,
10937,bnet,13399,,,
10937,steam,13316,,,
11051,psn,13390,,,
11051,xbl,13391,,,
11051,bnet,13399,,,
11051,steam,13316,,,
11048,psn,13390,,,
11048,xbl,13391,,,
11048,bnet,13399,,,
11048,steam,13316,,,
11037,psn,13390,,,
11037,xbl,13391,,,
11037,bnet,13399,,,
11037,steam,13316,,,
10887,psn,13390,,,
10887,xbl,13391,,,
10887,bnet,13399,,,
10887,steam,13316,,,
10739,psn,13390,,,
10739,xbl,13391,,,
10739,bnet,13399,,,
10739,steam,13316,,,
10911,psn,13390,,,
10911,xbl,13391,,,
10911,bnet,13399,,,
10911,steam,13316,,,
754,psn,13570|13390,,,
754,xbl,13391,,,
754,bnet,13399,,,
754,steam,13316,,,
11254,psn,13570|13390,,,
11254,xbl,13391,,,
11254,bnet,13399,,,
11254,steam,13316,,,
2575,psn,13390,,,
2575,xbl,13391,,,
2575,bnet,13399,,,
2575,steam,13316,,,
3095,psn,13390,,,
3095,xbl,13391,,,
3095,bnet,13399,,,
3095,steam,13316,,,
3128,psn,13390,,,
3128,xbl,13391,,,
3128,bnet,13399,,,
3128,steam,13316,,,
3627,psn,13390,,,
3627,xbl,13391,,,
3627,bnet,13399,,,
3627,steam,13316,,,
2622,psn,13390,,,
2622,xbl,13391,,,
2622,bnet,13399,,,
2622,steam,13316,,,
2574,psn,13390,,,
2574,xbl,13391,,,
2574,bnet,13399,,,
2574,steam,13316,,,
15584,psn,13454|46559,,,
15584,xbl,46559,,,
15584,bnet,46559,,,
15584,steam,46559,,,
15762,psn,13454|46559,,,
15762,xbl,46559,,,
15762,bnet,46559,,,
15762,steam,46559,,,
15508,psn,13454|46559,,,
15508,xbl,46559,,,
15508,bnet,46559,,,
15508,steam,46559,,,
15629,psn,13454|46559,,,
15629,xbl,46559,,,
15629,bnet,46559,,,
15629,steam,46559,,,
15743,psn,13454|46559,,,
15743,xbl,46559,,,
15743,bnet,46559,,,
15743,steam,46559,,,
15828,psn,13454|46559,,,
15828,xbl,46559,,,
15828,bnet,46559,,,
15828,steam,46559,,,
15794,psn,13454|46559,,,
15794,xbl,46559,,,
15794,bnet,46559,,,
15794,steam,46559,,,
15677,psn,13454|46559,,,
15677,xbl,46559,,,
15677,bnet,46559,,,
15677,steam,46559,,,
15848,psn,13454|46559,,,
15848,xbl,46559,,,
15848,bnet,46559,,,
15848,steam,46559,,,
15864,psn,13454|46559,,,
15864,xbl,46559,,,
15864,bnet,46559,,,
15864,steam,46559,,,
15735,psn,13454|46559,,,
15735,xbl,46559,,,
15735,bnet,46559,,,
15735,steam,46559,,,
15826,psn,13454|46559,,,
15826,xbl,46559,,,
15826,bnet,46559,,,
15826,steam,46559,,,
15611,psn,13454|46559,,,
15611,xbl,46559,,,
15611,bnet,46559,,,
15611,steam,46559,,,
15639,psn,15171,,,
15639,xbl,15172,,,
15639,bnet,15173,,,
15639,steam,15174,,,
15501,psn,15171,,,
15501,xbl,15172,,,
15501,bnet,15173,,,
15501,steam,15174,,,
15845,psn,15171,,,
15845,xbl,15172,,,
15845,bnet,15173,,,
15845,steam,15174,,,
15832,psn,15171,,,
15832,xbl,15172,,,
15832,bnet,15173,,,
15832,steam,15174,,,
15633,psn,15171,,,
15633,xbl,15172,,,
15633,bnet,15173,,,
15633,steam,15174,,,
15746,psn,15171,,,
15746,xbl,15172,,,
15746,bnet,15173,,,
15746,steam,15174,,,
15635,psn,15171,,,
15635,xbl,15172,,,
15635,bnet,15173,,,
15635,steam,15174,,,
15773,psn,15171,,,
15773,xbl,15172,,,
15773,bnet,15173,,,
15773,steam,15174,,,
15823,psn,15171,,,
15823,xbl,15172,,,
15823,bnet,15173,,,
15823,steam,15174,,,
15766,psn,15171,,,
15766,xbl,15172,,,
15766,bnet,15173,,,
15766,steam,15174,,,
15876,psn,15171,,,
15876,xbl,15172,,,
15876,bnet,15173,,,
15876,steam,15174,,,
15552,psn,15171,,,
15552,xbl,15172,,,
15552,bnet,15173,,,
15552,steam,15174,,,
17011,psn,15171,,,
17011,xbl,15172,,,
17011,bnet,15173,,,
17011,steam,15174,,,
17633,psn,17346,,,
17633,xbl,17347,,,
17633,bnet,17348,,,
17633,steam,17349,,,
17623,psn,17346,,,
17623,xbl,17347,,,
17623,bnet,17348,,,
17623,steam,17349,,,
17640,psn,17346,,,
17640,xbl,17347,,,
17640,bnet,17348,,,
17640,steam,17349,,,
17642,psn,17346,,,
17642,xbl,17347,,,
17642,bnet,17348,,,
17642,steam,17349,,,
17628,psn,17346,,,
17628,xbl,17347,,,
17628,bnet,17348,,,
17628,steam,17349,,,
17646,psn,17346,,,
17646,xbl,17347,,,
17646,bnet,17348,,,
17646,steam,17349,,,
17644,psn,17346,,,
17644,xbl,17347,,,
17644,bnet,17348,,,
17644,steam,17349,,,
17636,psn,17346,,,
17636,xbl,17347,,,
17636,bnet,17348,,,
17636,steam,17349,,,
17645,psn,17346,,,
17645,xbl,17347,,,
17645,bnet,17348,,,
17645,steam,17349,,,
17624,psn,17346,,,
17624,xbl,17347,,,
17624,bnet,17348,,,
17624,steam,17349,,,
17637,psn,17346,,,
17637,xbl,17347,,,
17637,bnet,17348,,,
17637,steam,17349,,,
17620,psn,17346,,,
17620,xbl,17347,,,
17620,bnet,17348,,,
17620,steam,17349,,,
17632,psn,17346,,,
17632,xbl,17347,,,
17632,bnet,17348,,,
17632,steam,17349,,,
17634,psn,17346,,,
17634,xbl,17347,,,
17634,bnet,17348,,,
17634,steam,17349,,,
10772,psn,19383|46560,,,
10772,xbl,46560,,,
10772,bnet,46560,,,
10772,steam,46560,,,
10888,psn,19383|46560,,,
10888,xbl,46560,,,
10888,bnet,46560,,,
10888,steam,46560,,,
10748,psn,19383|46560,,,
10748,xbl,46560,,,
10748,bnet,46560,,,
10748,steam,46560,,,
10845,psn,19383|46560,,,
10845,xbl,46560,,,
10845,bnet,46560,,,
10845,steam,46560,,,
10967,psn,19383|46560,,,
10967,xbl,46560,,,
10967,bnet,46560,,,
10967,steam,46560,,,
10665,psn,19383|46560,,,
10665,xbl,46560,,,
10665,bnet,46560,,,
10665,steam,46560,,,
10734,psn,19383|46560,,,
10734,xbl,46560,,,
10734,bnet,46560,,,
10734,steam,46560,,,
19152,psn,19383|46560,,,
19152,xbl,46560,,,
19152,bnet,46560,,,
19152,steam,46560,,,
19153,psn,19383|46560,,,
19153,xbl,46560,,,
19153,bnet,46560,,,
19153,steam,46560,,,
19154,psn,19383|46560,,,
19154,xbl,46560,,,
19154,bnet,46560,,,
19154,steam,46560,,,
19155,psn,19383|46560,,,
19155,xbl,46560,,,
19155,bnet,46560,,,
19155,steam,46560,,,
19156,psn,19383|46560,,,
19156,xbl,46560,,,
19156,bnet,46560,,,
19156,steam,46560,,,
19157,psn,19383|46560,,,
19157,xbl,46560,,,
19157,bnet,46560,,,
19157,steam,46560,,,
19158,psn,19383|46560,,,
19158,xbl,46560,,,
19158,bnet,46560,,,
19158,steam,46560,,,
19159,psn,19384,,,
19159,xbl,19385,,,
19159,bnet,19386,,,
19159,steam,19387,,,
19160,psn,19384,,,
19160,xbl,19385,,,
19160,bnet,19386,,,
19160,steam,19387,,,
19161,psn,19384,,,
19161,xbl,19385,,,
19161,bnet,19386,,,
19161,steam,19387,,,
19162,psn,19384,,,
19162,xbl,19385,,,
19162,bnet,19386,,,
19162,steam,19387,,,
19163,psn,19384,,,
19163,xbl,19385,,,
19163,bnet,19386,,,
19163,steam,19387,,,
19164,psn,19384,,,
19164,xbl,19385,,,
19164,bnet,19386,,,
19164,steam,19387,,,
19165,psn,19384,,,
19165,xbl,19385,,,
19165,bnet,19386,,,
19165,steam,19387,,,
19166,psn,19384,,,
19166,xbl,19385,,,
19166,bnet,19386,,,
19166,steam,19387,,,
19167,psn,19384,,,
19167,xbl,19385,,,
19167,bnet,19386,,,
19167,steam,19387,,,
19168,psn,19384,,,
19168,xbl,19385,,,
19168,bnet,19386,,,
19168,steam,19387,,,
19169,psn,19384,,,
19169,xbl,19385,,,
19169,bnet,19386,,,
19169,steam,19387,,,
19170,psn,19384,,,
19170,xbl,19385,,,
19170,bnet,19386,,,
19170,steam,19387,,,
19171,psn,19384,,,
19171,xbl,19385,,,
19171,bnet,19386,,,
19171,steam,19387,,,
19172,psn,19384,,,
19172,xbl,19385,,,
19172,bnet,19386,,,
19172,steam,19387,,,
19173,psn,19384,,,
19173,xbl,19385,,,
19173,bnet,19386,,,
19173,steam,19387,,,
23622,psn,24047,,,
23622,xbl,24048,,,
23622,bnet,24049,,,
23622,steam,24050,,,
23623,psn,24047,,,
23623,xbl,24048,,,
23623,bnet,24049,,,
23623,steam,24050,,,
23624,psn,24047,,,
23624,xbl,24048,,,
23624,bnet,24049,,,
23624,steam,24050,,,
23625,psn,24047,,,
23625,xbl,24048,,,
23625,bnet,24049,,,
23625,steam,24050,,,
23626,psn,24047,,,
23626,xbl,24048,,,
23626,bnet,24049,,,
23626,steam,24050,,,
23627,psn,24047,,,
23627,xbl,24048,,,
23627,bnet,24049,,,
23627,steam,24050,,,
23698,psn,24047,,,
23698,xbl,24048,,,
23698,bnet,24049,,,
23698,steam,24050,,,
23699,psn,24047,,,
23699,xbl,24048,,,
23699,bnet,24049,,,
23699,steam,24050,,,
23700,psn,24047,,,
23700,xbl,24048,,,
23700,bnet,24049,,,
23700,steam,24050,,,
23701,psn,24047,,,
23701,xbl,24048,,,
23701,bnet,24049,,,
23701,steam,24050,,,
23702,psn,24047,,,
23702,xbl,24048,,,
23702,bnet,24049,,,
23702,steam,24050,,,
23703,psn,24047,,,
23703,xbl,24048,,,
23703,bnet,24049,,,
23703,steam,24050,,,
23704,psn,24047,,,
23704,xbl,24048,,,
23704,bnet,24049,,,
23704,steam,24050,,,
23705,psn,24047,,,
23705,xbl,24048,,,
23705,bnet,24049,,,
23705,steam,24050,,,
23706,psn,24047,,,
23706,xbl,24048,,,
23706,bnet,24049,,,
23706,steam,24050,,,
23707,psn,24047,,,
23707,xbl,24048,,,
23707,bnet,24049,,,
23707,steam,24050,,,
23732,psn,24047,,,
23732,xbl,24048,,,
23732,bnet,24049,,,
23732,steam,24050,,,
24448,psn,24909|46561,,,
24448,xbl,46561,,,
24448,bnet,46561,,,
24448,steam,46561,,,
24449,psn,24909|46561,,,
24449,xbl,46561,,,
24449,bnet,46561,,,
24449,steam,46561,,,
24450,psn,24909|46561,,,
24450,xbl,46561,,,
24450,bnet,46561,,,
24450,steam,46561,,,
24451,psn,24909|46561,,,
24451,xbl,46561,,,
24451,bnet,46561,,,
24451,steam,46561,,,
24452,psn,24909|46561,,,
24452,xbl,46561,,,
24452,bnet,46561,,,
24452,steam,46561,,,
24453,psn,24909|46561,,,
24453,xbl,46561,,,
24453,bnet,46561,,,
24453,steam,46561,,,
24454,psn,24909|46561,,,
24454,xbl,46561,,,
24454,bnet,46561,,,
24454,steam,46561,,,
24455,psn,24909|46561,,,
24455,xbl,46561,,,
24455,bnet,46561,,,
24455,steam,46561,,,
20815,psn,24909|46561,,,
20815,xbl,46561,,,
20815,bnet,46561,,,
20815,steam,46561,,,
20816,psn,24909|46561,,,
20816,xbl,46561,,,
20816,bnet,46561,,,
20816,steam,46561,,,
20817,psn,24909|46561,,,
20817,xbl,46561,,,
20817,bnet,46561,,,
20817,steam,46561,,,
20818,psn,24909|46561,,,
20818,xbl,46561,,,
20818,bnet,46561,,,
20818,steam,46561,,,
20819,psn,24909|46561,,,
20819,xbl,46561,,,
20819,bnet,46561,,,
20819,steam,46561,,,
20820,psn,24909|46561,,,
20820,xbl,46561,,,
20820,bnet,46561,,,
20820,steam,46561,,,
20821,psn,24909|46561,,,
20821,xbl,46561,,,
20821,bnet,46561,,,
20821,steam,46561,,,
25637,psn,24905,,,
25637,xbl,24906,,,
25637,bnet,24907,,,
25637,steam,24908,,,
25638,psn,24905,,,
25638,xbl,24906,,,
25638,bnet,24907,,,
25638,steam,24908,,,
25639,psn,24905,,,
25639,xbl,24906,,,
25639,bnet,24907,,,
25639,steam,24908,,,
25640,psn,24905,,,
25640,xbl,24906,,,
25640,bnet,24907,,,
25640,steam,24908,,,
25641,psn,24905,,,
25641,xbl,24906,,,
25641,bnet,24907,,,
25641,steam,24908,,,
25642,psn,24905,,,
25642,xbl,24906,,,
25642,bnet,24907,,,
25642,steam,24908,,,
25643,psn,24905,,,
25643,xbl,24906,,,
25643,bnet,24907,,,
25643,steam,24908,,,
25654,psn,24905,,,
25654,xbl,24906,,,
25654,bnet,24907,,,
25654,steam,24908,,,
25655,psn,24905,,,
25655,xbl,24906,,,
25655,bnet,24907,,,
25655,steam,24908,,,
25656,psn,24905,,,
25656,xbl,24906,,,
25656,bnet,24907,,,
25656,steam,24908,,,
25657,psn,24905,,,
25657,xbl,24906,,,
25657,bnet,24907,,,
25657,steam,24908,,,
25658,psn,24905,,,
25658,xbl,24906,,,
25658,bnet,24907,,,
25658,steam,24908,,,
25659,psn,24905,,,
25659,xbl,24906,,,
25659,bnet,24907,,,
25659,steam,24908,,,
25660,psn,24905,,,
25660,xbl,24906,,,
25660,bnet,24907,,,
25660,steam,24908,,,
26677,psn,24905,,,
26677,xbl,24906,,,
26677,bnet,24907,,,
26677,steam,24908,,,
24539,psn,26257,,,
24539,xbl,26258,,,
24539,bnet,26259,,,
24539,steam,26260,,,
24540,psn,26257,,,
24540,xbl,26258,,,
24540,bnet,26259,,,
24540,steam,26260,,,
24541,psn,26257,,,
24541,xbl,26258,,,
24541,bnet,26259,,,
24541,steam,26260,,,
24542,psn,26257,,,
24542,xbl,26258,,,
24542,bnet,26259,,,
24542,steam,26260,,,
24543,psn,26257,,,
24543,xbl,26258,,,
24543,bnet,26259,,,
24543,steam,26260,,,
24544,psn,26257,,,
24544,xbl,26258,,,
24544,bnet,26259,,,
24544,steam,26260,,,
24545,psn,26257,,,
24545,xbl,26258,,,
24545,bnet,26259,,,
24545,steam,26260,,,
24532,psn,26261,,,
24532,xbl,26262,,,
24532,bnet,26263,,,
24532,steam,26264,,,
24533,psn,26261,,,
24533,xbl,26262,,,
24533,bnet,26263,,,
24533,steam,26264,,,
24534,psn,26261,,,
24534,xbl,26262,,,
24534,bnet,26263,,,
24534,steam,26264,,,
24535,psn,26261,,,
24535,xbl,26262,,,
24535,bnet,26263,,,
24535,steam,26264,,,
24536,psn,26261,,,
24536,xbl,26262,,,
24536,bnet,26263,,,
24536,steam,26264,,,
24537,psn,26261,,,
24537,xbl,26262,,,
24537,bnet,26263,,,
24537,steam,26264,,,
24538,psn,26261,,,
24538,xbl,26262,,,
24538,bnet,26263,,,
24538,steam,26264,,,
24525,psn,26265,,,
24525,xbl,26266,,,
24525,bnet,26267,,,
24525,steam,26268,,,
24526,psn,26265,,,
24526,xbl,26266,,,
24526,bnet,26267,,,
24526,steam,26268,,,
24527,psn,26265,,,
24527,xbl,26266,,,
24527,bnet,26267,,,
24527,steam,26268,,,
24528,psn,26265,,,
24528,xbl,26266,,,
24528,bnet,26267,,,
24528,steam,26268,,,
24529,psn,26265,,,
24529,xbl,26266,,,
24529,bnet,26267,,,
24529,steam,26268,,,
24530,psn,26265,,,
24530,xbl,26266,,,
24530,bnet,26267,,,
24530,steam,26268,,,
24531,psn,26265,,,
24531,xbl,26266,,,
24531,bnet,26267,,,
24531,steam,26268,,,
24518,psn,26269,,,
24518,xbl,26270,,,
24518,bnet,26271,,,
24518,steam,26272,,,
24519,psn,26269,,,
24519,xbl,26270,,,
24519,bnet,26271,,,
24519,steam,26272,,,
24520,psn,26269,,,
24520,xbl,26270,,,
24520,bnet,26271,,,
24520,steam,26272,,,
24521,psn,26269,,,
24521,xbl,26270,,,
24521,bnet,26271,,,
24521,steam,26272,,,
24522,psn,26269,,,
24522,xbl,26270,,,
24522,bnet,26271,,,
24522,steam,26272,,,
24523,psn,26269,,,
24523,xbl,26270,,,
24523,bnet,26271,,,
24523,steam,26272,,,
24524,psn,26269,,,
24524,xbl,26270,,,
24524,bnet,26271,,,
24524,steam,26272,,,
24511,psn,26273,,,
24511,xbl,26274,,,
24511,bnet,26275,,,
24511,steam,26276,,,
24512,psn,26273,,,
24512,xbl,26274,,,
24512,bnet,26275,,,
24512,steam,26276,,,
24513,psn,26273,,,
24513,xbl,26274,,,
24513,bnet,26275,,,
24513,steam,26276,,,
24514,psn,26273,,,
24514,xbl,26274,,,
24514,bnet,26275,,,
24514,steam,26276,,,
24515,psn,26273,,,
24515,xbl,26274,,,
24515,bnet,26275,,,
24515,steam,26276,,,
24516,psn,26273,,,
24516,xbl,26274,,,
24516,bnet,26275,,,
24516,steam,26276,,,
24517,psn,26273,,,
24517,xbl,26274,,,
24517,bnet,26275,,,
24517,steam,26276,,,
24504,psn,26277,,,
24504,xbl,26278,,,
24504,bnet,26279,,,
24504,steam,26280,,,
24505,psn,26277,,,
24505,xbl,26278,,,
24505,bnet,26279,,,
24505,steam,26280,,,
24506,psn,26277,,,
24506,xbl,26278,,,
24506,bnet,26279,,,
24506,steam,26280,,,
24507,psn,26277,,,
24507,xbl,26278,,,
24507,bnet,26279,,,
24507,steam,26280,,,
24508,psn,26277,,,
24508,xbl,26278,,,
24508,bnet,26279,,,
24508,steam,26280,,,
24509,psn,26277,,,
24509,xbl,26278,,,
24509,bnet,26279,,,
24509,steam,26280,,,
24510,psn,26277,,,
24510,xbl,26278,,,
24510,bnet,26279,,,
24510,steam,26280,,,
24497,psn,26281,,,
24497,xbl,26282,,,
24497,bnet,26283,,,
24497,steam,26284,,,
24498,psn,26281,,,
24498,xbl,26282,,,
24498,bnet,26283,,,
24498,steam,26284,,,
24499,psn,26281,,,
24499,xbl,26282,,,
24499,bnet,26283,,,
24499,steam,26284,,,
24500,psn,26281,,,
24500,xbl,26282,,,
24500,bnet,26283,,,
24500,steam,26284,,,
24501,psn,26281,,,
24501,xbl,26282,,,
24501,bnet,26283,,,
24501,steam,26284,,,
24502,psn,26281,,,
24502,xbl,26282,,,
24502,bnet,26283,,,
24502,steam,26284,,,
24503,psn,26281,,,
24503,xbl,26282,,,
24503,bnet,26283,,,
24503,steam,26284,,,
24490,psn,26285,,,
24490,xbl,26286,,,
24490,bnet,26287,,,
24490,steam,26288,,,
24491,psn,26285,,,
24491,xbl,26286,,,
24491,bnet,26287,,,
24491,steam,26288,,,
24492,psn,26285,,,
24492,xbl,26286,,,
24492,bnet,26287,,,
24492,steam,26288,,,
24493,psn,26285,,,
24493,xbl,26286,,,
24493,bnet,26287,,,
24493,steam,26288,,,
24494,psn,26285,,,
24494,xbl,26286,,,
24494,bnet,26287,,,
24494,steam,26288,,,
24495,psn,26285,,,
24495,xbl,26286,,,
24495,bnet,26287,,,
24495,steam,26288,,,
24496,psn,26285,,,
24496,xbl,26286,,,
24496,bnet,26287,,,
24496,steam,26288,,,
26132,psn,26289,,,
26132,xbl,26290,,,
26132,bnet,26291,,,
26132,steam,26292,,,
26133,psn,26289,,,
26133,xbl,26290,,,
26133,bnet,26291,,,
26133,steam,26292,,,
26134,psn,26289,,,
26134,xbl,26290,,,
26134,bnet,26291,,,
26134,steam,26292,,,
26135,psn,26289,,,
26135,xbl,26290,,,
26135,bnet,26291,,,
26135,steam,26292,,,
26136,psn,26289,,,
26136,xbl,26290,,,
26136,bnet,26291,,,
26136,steam,26292,,,
26137,psn,26289,,,
26137,xbl,26290,,,
26137,bnet,26291,,,
26137,steam,26292,,,
26138,psn,26289,,,
26138,xbl,26290,,,
26138,bnet,26291,,,
26138,steam,26292,,,
24483,psn,26293,,,
24483,xbl,26294,,,
24483,bnet,26295,,,
24483,steam,26296,,,
24484,psn,26293,,,
24484,xbl,26294,,,
24484,bnet,26295,,,
24484,steam,26296,,,
24485,psn,26293,,,
24485,xbl,26294,,,
24485,bnet,26295,,,
24485,steam,26296,,,
24486,psn,26293,,,
24486,xbl,26294,,,
24486,bnet,26295,,,
24486,steam,26296,,,
24487,psn,26293,,,
24487,xbl,26294,,,
24487,bnet,26295,,,
24487,steam,26296,,,
24488,psn,26293,,,
24488,xbl,26294,,,
24488,bnet,26295,,,
24488,steam,26296,,,
24489,psn,26293,,,
24489,xbl,26294,,,
24489,bnet,26295,,,
24489,steam,26296,,,
24476,psn,26297,,,
24476,xbl,26298,,,
24476,bnet,26299,,,
24476,steam,26300,,,
24477,psn,26297,,,
24477,xbl,26298,,,
24477,bnet,26299,,,
24477,steam,26300,,,
24478,psn,26297,,,
24478,xbl,26298,,,
24478,bnet,26299,,,
24478,steam,26300,,,
24479,psn,26297,,,
24479,xbl,26298,,,
24479,bnet,26299,,,
24479,steam,26300,,,
24480,psn,26297,,,
24480,xbl,26298,,,
24480,bnet,26299,,,
24480,steam,26300,,,
24481,psn,26297,,,
24481,xbl,26298,,,
24481,bnet,26299,,,
24481,steam,26300,,,
24482,psn,26297,,,
24482,xbl,26298,,,
24482,bnet,26299,,,
24482,steam,26300,,,
24456,psn,26301,,,
24456,xbl,26302,,,
24456,bnet,26303,,,
24456,steam,26304,,,
24457,psn,26301,,,
24457,xbl,26302,,,
24457,bnet,26303,,,
24457,steam,26304,,,
24458,psn,26301,,,
24458,xbl,26302,,,
24458,bnet,26303,,,
24458,steam,26304,,,
24459,psn,26301,,,
24459,xbl,26302,,,
24459,bnet,26303,,,
24459,steam,26304,,,
24460,psn,26301,,,
24460,xbl,26302,,,
24460,bnet,26303,,,
24460,steam,26304,,,
24461,psn,26301,,,
24461,xbl,26302,,,
24461,bnet,26303,,,
24461,steam,26304,,,
24462,psn,26301,,,
24462,xbl,26302,,,
24462,bnet,26303,,,
24462,steam,26304,,,
26473,psn,28242,,,
26473,xbl,28243,,,
26473,bnet,28244,,,
26473,steam,28245,,,
26474,psn,28242,,,
26474,xbl,28243,,,
26474,bnet,28244,,,
26474,steam,28245,,,
26475,psn,28242,,,
26475,xbl,28243,,,
26475,bnet,28244,,,
26475,steam,28245,,,
26476,psn,28242,,,
26476,xbl,28243,,,
26476,bnet,28244,,,
26476,steam,28245,,,
26477,psn,28242,,,
26477,xbl,28243,,,
26477,bnet,28244,,,
26477,steam,28245,,,
26478,psn,28242,,,
26478,xbl,28243,,,
26478,bnet,28244,,,
26478,steam,28245,,,
26479,psn,28242,,,
26479,xbl,28243,,,
26479,bnet,28244,,,
26479,steam,28245,,,
26480,psn,28242,,,
26480,xbl,28243,,,
26480,bnet,28244,,,
26480,steam,28245,,,
26885,psn,28242,,,
26885,xbl,28243,,,
26885,bnet,28244,,,
26885,steam,28245,,,
26886,psn,28242,,,
26886,xbl,28243,,,
26886,bnet,28244,,,
26886,steam,28245,,,
26887,psn,28242,,,
26887,xbl,28243,,,
26887,bnet,28244,,,
26887,steam,28245,,,
26888,psn,28242,,,
26888,xbl,28243,,,
26888,bnet,28244,,,
26888,steam,28245,,,
26889,psn,28242,,,
26889,xbl,28243,,,
26889,bnet,28244,,,
26889,steam,28245,,,
26890,psn,28242,,,
26890,xbl,28243,,,
26890,bnet,28244,,,
26890,steam,28245,,,
25142,psn,28246,,,
25142,xbl,28247,,,
25142,bnet,28248,,,
25142,steam,28249,,,
25143,psn,28246,,,
25143,xbl,28247,,,
25143,bnet,28248,,,
25143,steam,28249,,,
25144,psn,28246,,,
25144,xbl,28247,,,
25144,bnet,28248,,,
25144,steam,28249,,,
25145,psn,28246,,,
25145,xbl,28247,,,
25145,bnet,28248,,,
25145,steam,28249,,,
25146,psn,28246,,,
25146,xbl,28247,,,
25146,bnet,28248,,,
25146,steam,28249,,,
25147,psn,28246,,,
25147,xbl,28247,,,
25147,bnet,28248,,,
25147,steam,28249,,,
25148,psn,28246,,,
25148,xbl,28247,,,
25148,bnet,28248,,,
25148,steam,28249,,,
25149,psn,28246,,,
25149,xbl,28247,,,
25149,bnet,28248,,,
25149,steam,28249,,,
25150,psn,28246,,,
25150,xbl,28247,,,
25150,bnet,28248,,,
25150,steam,28249,,,
25521,psn,28246,,,
25521,xbl,28247,,,
25521,bnet,28248,,,
25521,steam,28249,,,
25522,psn,28246,,,
25522,xbl,28247,,,
25522,bnet,28248,,,
25522,steam,28249,,,
25523,psn,28246,,,
25523,xbl,28247,,,
25523,bnet,28248,,,
25523,steam,28249,,,
25524,psn,28246,,,
25524,xbl,28247,,,
25524,bnet,28248,,,
25524,steam,28249,,,
25525,psn,28246,,,
25525,xbl,28247,,,
25525,bnet,28248,,,
25525,steam,28249,,,
25526,psn,28246,,,
25526,xbl,28247,,,
25526,bnet,28248,,,
25526,steam,28249,,,
25527,psn,28246,,,
25527,xbl,28247,,,
25527,bnet,28248,,,
25527,steam,28249,,,
25528,psn,28246,,,
25528,xbl,28247,,,
25528,bnet,28248,,,
25528,steam,28249,,,
29739,psn,30577|46562,,,
29739,xbl,46562,,,
29739,bnet,46562,,,
29739,steam,46562,,,
29740,psn,30577|46562,,,
29740,xbl,46562,,,
29740,bnet,46562,,,
29740,steam,46562,,,
29741,psn,30577|46562,,,
29741,xbl,46562,,,
29741,bnet,46562,,,
29741,steam,46562,,,
29742,psn,30577|46562,,,
29742,xbl,46562,,,
29742,bnet,46562,,,
29742,steam,46562,,,
29743,psn,30577|46562,,,
29743,xbl,46562,,,
29743,bnet,46562,,,
29743,steam,46562,,,
29744,psn,30577|46562,,,
29744,xbl,46562,,,
29744,bnet,46562,,,
29744,steam,46562,,,
29745,psn,30577|46562,,,
29745,xbl,46562,,,
29745,bnet,46562,,,
29745,steam,46562,,,
29746,psn,30577|46562,,,
29746,xbl,46562,,,
29746,bnet,46562,,,
29746,steam,46562,,,
30103,psn,30577|46562,,,
30103,xbl,46562,,,
30103,bnet,46562,,,
30103,steam,46562,,,
30104,psn,30577|46562,,,
30104,xbl,46562,,,
30104,bnet,46562,,,
30104,steam,46562,,,
30105,psn,30577|46562,,,
30105,xbl,46562,,,
30105,bnet,46562,,,
30105,steam,46562,,,
30106,psn,30577|46562,,,
30106,xbl,46562,,,
30106,bnet,46562,,,
30106,steam,46562,,,
30107,psn,30577|46562,,,
30107,xbl,46562,,,
30107,bnet,46562,,,
30107,steam,46562,,,
30108,psn,30577|46562,,,
30108,xbl,46562,,,
30108,bnet,46562,,,
30108,steam,46562,,,
30109,psn,30577|46562,,,
30109,xbl,46562,,,
30109,bnet,46562,,,
30109,steam,46562,,,
28296,psn,30596,,,
28296,xbl,30597,,,
28296,bnet,30598,,,
28296,steam,30599,,,
28297,psn,30596,,,
28297,xbl,30597,,,
28297,bnet,30598,,,
28297,steam,30599,,,
28298,psn,30596,,,
28298,xbl,30597,,,
28298,bnet,30598,,,
28298,steam,30599,,,
28299,psn,30596,,,
28299,xbl,30597,,,
28299,bnet,30598,,,
28299,steam,30599,,,
28300,psn,30596,,,
28300,xbl,30597,,,
28300,bnet,30598,,,
28300,steam,30599,,,
28301,psn,30596,,,
28301,xbl,30597,,,
28301,bnet,30598,,,
28301,steam,30599,,,
28302,psn,30596,,,
28302,xbl,30597,,,
28302,bnet,30598,,,
28302,steam,30599,,,
28303,psn,30596,,,
28303,xbl,30597,,,
28303,bnet,30598,,,
28303,steam,30599,,,
28304,psn,30596,,,
28304,xbl,30597,,,
28304,bnet,30598,,,
28304,steam,30599,,,
28305,psn,30596,,,
28305,xbl,30597,,,
28305,bnet,30598,,,
28305,steam,30599,,,
28306,psn,30596,,,
28306,xbl,30597,,,
28306,bnet,30598,,,
28306,steam,30599,,,
28307,psn,30596,,,
28307,xbl,30597,,,
28307,bnet,30598,,,
28307,steam,30599,,,
30433,psn,30596,,,
30433,xbl,30597,,,
30433,bnet,30598,,,
30433,steam,30599,,,
28308,psn,30596,,,
28308,xbl,30597,,,
28308,bnet,30598,,,
28308,steam,30599,,,
28985,psn,33328,,,
28985,xbl,33329,,,
28985,bnet,33330,,,
28985,steam,33331,,,
28986,psn,33328,,,
28986,xbl,33329,,,
28986,bnet,33330,,,
28986,steam,33331,,,
28987,psn,33328,,,
28987,xbl,33329,,,
28987,bnet,33330,,,
28987,steam,33331,,,
28988,psn,33328,,,
28988,xbl,33329,,,
28988,bnet,33330,,,
28988,steam,33331,,,
28989,psn,33328,,,
28989,xbl,33329,,,
28989,bnet,33330,,,
28989,steam,33331,,,
28990,psn,33328,,,
28990,xbl,33329,,,
28990,bnet,33330,,,
28990,steam,33331,,,
28991,psn,33328,,,
28991,xbl,33329,,,
28991,bnet,33330,,,
28991,steam,33331,,,
28976,psn,33328,,,
28976,xbl,33329,,,
28976,bnet,33330,,,
28976,steam,33331,,,
28977,psn,33328,,,
28977,xbl,33329,,,
28977,bnet,33330,,,
28977,steam,33331,,,
28978,psn,33328,,,
28978,xbl,33329,,,
28978,bnet,33330,,,
28978,steam,33331,,,
28979,psn,33328,,,
28979,xbl,33329,,,
28979,bnet,33330,,,
28979,steam,33331,,,
28980,psn,33328,,,
28980,xbl,33329,,,
28980,bnet,33330,,,
28980,steam,33331,,,
28981,psn,33328,,,
28981,xbl,33329,,,
28981,bnet,33330,,,
28981,steam,33331,,,
28982,psn,33328,,,
28982,xbl,33329,,,
28982,bnet,33330,,,
28982,steam,33331,,,
28983,psn,33328,,,
28983,xbl,33329,,,
28983,bnet,33330,,,
28983,steam,33331,,,
28984,psn,33328,,,
28984,xbl,33329,,,
28984,bnet,33330,,,
28984,steam,33331,,,
33895,psn,35147,,,
33895,xbl,35148,,,
33895,bnet,35149,,,
33895,steam,35150,,,
33896,psn,35147,,,
33896,xbl,35148,,,
33896,bnet,35149,,,
33896,steam,35150,,,
33897,psn,35147,,,
33897,xbl,35148,,,
33897,bnet,35149,,,
33897,steam,35150,,,
33898,psn,35147,,,
33898,xbl,35148,,,
33898,bnet,35149,,,
33898,steam,35150,,,
33899,psn,35147,,,
33899,xbl,35148,,,
33899,bnet,35149,,,
33899,steam,35150,,,
33900,psn,35147,,,
33900,xbl,35148,,,
33900,bnet,35149,,,
33900,steam,35150,,,
33901,psn,35147,,,
33901,xbl,35148,,,
33901,bnet,35149,,,
33901,steam,35150,,,
28288,psn,35147,,,
28288,xbl,35148,,,
28288,bnet,35149,,,
28288,steam,35150,,,
28289,psn,35147,,,
28289,xbl,35148,,,
28289,bnet,35149,,,
28289,steam,35150,,,
28290,psn,35147,,,
28290,xbl,35148,,,
28290,bnet,35149,,,
28290,steam,35150,,,
28292,psn,35147,,,
28292,xbl,35148,,,
28292,bnet,35149,,,
28292,steam,35150,,,
34095,psn,35147,,,
34095,xbl,35148,,,
34095,bnet,35149,,,
34095,steam,35150,,,
28293,psn,35147,,,
28293,xbl,35148,,,
28293,bnet,35149,,,
28293,steam,35150,,,
28294,psn,35147,,,
28294,xbl,35148,,,
28294,bnet,35149,,,
28294,steam,35150,,,
28295,psn,35147,,,
28295,xbl,35148,,,
28295,bnet,35149,,,
28295,steam,35150,,,
33665,psn,35138|46563,,,
33665,xbl,46563,,,
33665,bnet,46563,,,
33665,steam,46563,,,
33666,psn,35138|46563,,,
33666,xbl,46563,,,
33666,bnet,46563,,,
33666,steam,46563,,,
33667,psn,35138|46563,,,
33667,xbl,46563,,,
33667,bnet,46563,,,
33667,steam,46563,,,
33668,psn,35138|46563,,,
33668,xbl,46563,,,
33668,bnet,46563,,,
33668,steam,46563,,,
33669,psn,35138|46563,,,
33669,xbl,46563,,,
33669,bnet,46563,,,
33669,steam,46563,,,
33670,psn,35138|46563,,,
33670,xbl,46563,,,
33670,bnet,46563,,,
33670,steam,46563,,,
33671,psn,35138|46563,,,
33671,xbl,46563,,,
33671,bnet,46563,,,
33671,steam,46563,,,
33672,psn,35138|46563,,,
33672,xbl,46563,,,
33672,bnet,46563,,,
33672,steam,46563,,,
34048,psn,35138|46563,,,
34048,xbl,46563,,,
34048,bnet,46563,,,
34048,steam,46563,,,
34049,psn,35138|46563,,,
34049,xbl,46563,,,
34049,bnet,46563,,,
34049,steam,46563,,,
34050,psn,35138|46563,,,
34050,xbl,46563,,,
34050,bnet,46563,,,
34050,steam,46563,,,
34051,psn,35138|46563,,,
34051,xbl,46563,,,
34051,bnet,46563,,,
34051,steam,46563,,,
34052,psn,35138|46563,,,
34052,xbl,46563,,,
34052,bnet,46563,,,
34052,steam,46563,,,
34053,psn,35138|46563,,,
34053,xbl,46563,,,
34053,bnet,46563,,,
34053,steam,46563,,,
34054,psn,35138|46563,,,
34054,xbl,46563,,,
34054,bnet,46563,,,
34054,steam,46563,,,
35346,psn,37275,,,
35346,xbl,37276,,,
35346,bnet,37277,,,
35346,steam,37278,,,
35347,psn,37275,,,
35347,xbl,37276,,,
35347,bnet,37277,,,
35347,steam,37278,,,
35348,psn,37275,,,
35348,xbl,37276,,,
35348,bnet,37277,,,
35348,steam,37278,,,
35349,psn,37275,,,
35349,xbl,37276,,,
35349,bnet,37277,,,
35349,steam,37278,,,
35350,psn,37275,,,
35350,xbl,37276,,,
35350,bnet,37277,,,
35350,steam,37278,,,
35351,psn,37275,,,
35351,xbl,37276,,,
35351,bnet,37277,,,
35351,steam,37278,,,
35352,psn,37275,,,
35352,xbl,37276,,,
35352,bnet,37277,,,
35352,steam,37278,,,
35353,psn,37275,,,
35353,xbl,37276,,,
35353,bnet,37277,,,
35353,steam,37278,,,
35354,psn,37275,,,
35354,xbl,37276,,,
35354,bnet,37277,,,
35354,steam,37278,,,
35355,psn,37275,,,
35355,xbl,37276,,,
35355,bnet,37277,,,
35355,steam,37278,,,
35338,psn,37275,,,
35338,xbl,37276,,,
35338,bnet,37277,,,
35338,steam,37278,,,
35339,psn,37275,,,
35339,xbl,37276,,,
35339,bnet,37277,,,
35339,steam,37278,,,
35340,psn,37275,,,
35340,xbl,37276,,,
35340,bnet,37277,,,
35340,steam,37278,,,
35341,psn,37275,,,
35341,xbl,37276,,,
35341,bnet,37277,,,
35341,steam,37278,,,
35342,psn,37275,,,
35342,xbl,37276,,,
35342,bnet,37277,,,
35342,steam,37278,,,
35343,psn,37275,,,
35343,xbl,37276,,,
35343,bnet,37277,,,
35343,steam,37278,,,
35344,psn,37275,,,
35344,xbl,37276,,,
35344,bnet,37277,,,
35344,steam,37278,,,
35345,psn,37275,,,
35345,xbl,37276,,,
35345,bnet,37277,,,
35345,steam,37278,,,
35041,psn,43730,,,
35041,xbl,43731,,,
35041,bnet,43732,,,
35041,steam,43733,,,
35042,psn,43730,,,
35042,xbl,43731,,,
35042,bnet,43732,,,
35042,steam,43733,,,
35043,psn,43730,,,
35043,xbl,43731,,,
35043,bnet,43732,,,
35043,steam,43733,,,
35044,psn,43730,,,
35044,xbl,43731,,,
35044,bnet,43732,,,
35044,steam,43733,,,
35045,psn,43730,,,
35045,xbl,43731,,,
35045,bnet,43732,,,
35045,steam,43733,,,
36197,psn,43730,,,
36197,xbl,43731,,,
36197,bnet,43732,,,
36197,steam,43733,,,
35046,psn,43730,,,
35046,xbl,43731,,,
35046,bnet,43732,,,
35046,steam,43733,,,
35047,psn,43730,,,
35047,xbl,43731,,,
35047,bnet,43732,,,
35047,steam,43733,,,
35048,psn,43730,,,
35048,xbl,43731,,,
35048,bnet,43732,,,
35048,steam,43733,,,
35049,psn,43730,,,
35049,xbl,43731,,,
35049,bnet,43732,,,
35049,steam,43733,,,
35982,psn,43730,,,
35982,xbl,43731,,,
35982,bnet,43732,,,
35982,steam,43733,,,
35983,psn,43730,,,
35983,xbl,43731,,,
35983,bnet,43732,,,
35983,steam,43733,,,
35984,psn,43730,,,
35984,xbl,43731,,,
35984,bnet,43732,,,
35984,steam,43733,,,
35985,psn,43730,,,
35985,xbl,43731,,,
35985,bnet,43732,,,
35985,steam,43733,,,
35986,psn,43730,,,
35986,xbl,43731,,,
35986,bnet,43732,,,
35986,steam,43733,,,
36195,psn,43730,,,
36195,xbl,43731,,,
36195,bnet,43732,,,
36195,steam,43733,,,
35987,psn,43730,,,
35987,xbl,43731,,,
35987,bnet,43732,,,
35987,steam,43733,,,
35988,psn,43730,,,
35988,xbl,43731,,,
35988,bnet,43732,,,
35988,steam,43733,,,
35989,psn,43730,,,
35989,xbl,43731,,,
35989,bnet,43732,,,
35989,steam,43733,,,
25109,psn,43743|46564,,,
25109,xbl,46564,,,
25109,bnet,46564,,,
25109,steam,46564,,,
25110,psn,43743|46564,,,
25110,xbl,46564,,,
25110,bnet,46564,,,
25110,steam,46564,,,
25111,psn,43743|46564,,,
25111,xbl,46564,,,
25111,bnet,46564,,,
25111,steam,46564,,,
25112,psn,43743|46564,,,
25112,xbl,46564,,,
25112,bnet,46564,,,
25112,steam,46564,,,
25113,psn,43743|46564,,,
25113,xbl,46564,,,
25113,bnet,46564,,,
25113,steam,46564,,,
25114,psn,43743|46564,,,
25114,xbl,46564,,,
25114,bnet,46564,,,
25114,steam,46564,,,
25115,psn,43743|46564,,,
25115,xbl,46564,,,
25115,bnet,46564,,,
25115,steam,46564,,,
25116,psn,43743|46564,,,
25116,xbl,46564,,,
25116,bnet,46564,,,
25116,steam,46564,,,
34012,psn,43743|46564,,,
34012,xbl,46564,,,
34012,bnet,46564,,,
34012,steam,46564,,,
34013,psn,43743|46564,,,
34013,xbl,46564,,,
34013,bnet,46564,,,
34013,steam,46564,,,
34014,psn,43743|46564,,,
34014,xbl,46564,,,
34014,bnet,46564,,,
34014,steam,46564,,,
34015,psn,43743|46564,,,
34015,xbl,46564,,,
34015,bnet,46564,,,
34015,steam,46564,,,
34016,psn,43743|46564,,,
34016,xbl,46564,,,
34016,bnet,46564,,,
34016,steam,46564,,,
34017,psn,43743|46564,,,
34017,xbl,46564,,,
34017,bnet,46564,,,
34017,steam,46564,,,
34018,psn,43743|46564,,,
34018,xbl,46564,,,
34018,bnet,46564,,,
34018,steam,46564,,,
34019,psn,43743|46564,,,
34019,xbl,46564,,,
34019,bnet,46564,,,
34019,steam,46564,,,
34020,psn,43743|46564,,,
34020,xbl,46564,,,
34020,bnet,46564,,,
34020,steam,46564,,,
35894,psn,43712,,,
35894,xbl,43713,,,
35894,bnet,43714,,,
35894,steam,43715,,,
35895,psn,43712,,,
35895,xbl,43713,,,
35895,bnet,43714,,,
35895,steam,43715,,,
35896,psn,43712,,,
35896,xbl,43713,,,
35896,bnet,43714,,,
35896,steam,43715,,,
35897,psn,43712,,,
35897,xbl,43713,,,
35897,bnet,43714,,,
35897,steam,43715,,,
35898,psn,43712,,,
35898,xbl,43713,,,
35898,bnet,43714,,,
35898,steam,43715,,,
38519,psn,43712,,,
38519,xbl,43713,,,
38519,bnet,43714,,,
38519,steam,43715,,,
35899,psn,43712,,,
35899,xbl,43713,,,
35899,bnet,43714,,,
35899,steam,43715,,,
35900,psn,43712,,,
35900,xbl,43713,,,
35900,bnet,43714,,,
35900,steam,43715,,,
10675,psn,13570|46565,,,
10675,xbl,46565,,,
10675,bnet,46565,,,
10675,steam,46565,,,
10755,psn,13570|46565,,,
10755,xbl,46565,,,
10755,bnet,46565,,,
10755,steam,46565,,,
10750,psn,13570|46565,,,
10750,xbl,46565,,,
10750,bnet,46565,,,
10750,steam,46565,,,
10922,psn,13570|46565,,,
10922,xbl,46565,,,
10922,bnet,46565,,,
10922,steam,46565,,,
10757,psn,13570|46565,,,
10757,xbl,46565,,,
10757,bnet,46565,,,
10757,steam,46565,,,
10719,psn,13570|46565,,,
10719,xbl,46565,,,
10719,bnet,46565,,,
10719,steam,46565,,,
10925,psn,13570|46565,,,
10925,xbl,46565,,,
10925,bnet,46565,,,
10925,steam,46565,,,
12232,psn,15175,,,
12232,xbl,15176,,,
12232,bnet,15177,,,
12232,steam,15178,,,
12231,psn,15179,,,
12231,xbl,15180,,,
12231,bnet,15181,,,
12231,steam,15182,,,
12251,psn,15183,,,
12251,xbl,15184,,,
12251,bnet,15185,,,
12251,steam,15186,,,
12253,psn,15187,,,
12253,xbl,15188,,,
12253,bnet,15189,,,
12253,steam,15190,,,
12242,psn,15191,,,
12242,xbl,15192,,,
12242,bnet,15193,,,
12242,steam,15194,,,
12241,psn,15195,,,
12241,xbl,15196,,,
12241,bnet,15197,,,
12241,steam,15198,,,
12234,psn,15199,,,
12234,xbl,15200,,,
12234,bnet,15201,,,
12234,steam,15202,,,
12235,psn,15203,,,
12235,xbl,15204,,,
12235,bnet,15205,,,
12235,steam,15206,,,
12250,psn,15207,,,
12250,xbl,15208,,,
12250,bnet,15209,,,
12250,steam,15210,,,
12230,psn,15211,,,
12230,xbl,15212,,,
12230,bnet,15213,,,
12230,steam,15214,,,
12255,psn,15215,,,
12255,xbl,15216,,,
12255,bnet,15217,,,
12255,steam,15218,,,
12257,psn,15219,,,
12257,xbl,15220,,,
12257,bnet,15221,,,
12257,steam,15222,,,
12246,psn,15223,,,
12246,xbl,15224,,,
12246,bnet,15225,,,
12246,steam,15226,,,
10169,psn,11976,,,
10169,xbl,11977,,,
10169,bnet,11978,,,
10169,steam,11979,,,
10413,psn,12793,,,
10413,xbl,12794,,,
10413,bnet,12795,,,
10413,steam,12796,,,
10171,psn,13454|46559,,,
10171,xbl,46559,,,
10171,bnet,46559,,,
10171,steam,46559,,,
9835,psn,15171,,,
9835,xbl,15172,,,
9835,bnet,15173,,,
9835,steam,15174,,,
14443,psn,15175,,,
14443,xbl,15176,,,
14443,bnet,15177,,,
14443,steam,15178,,,
14469,psn,15175,,,
14469,xbl,15176,,,
14469,bnet,15177,,,
14469,steam,15178,,,
14429,psn,15179,,,
14429,xbl,15180,,,
14429,bnet,15181,,,
14429,steam,15182,,,
14397,psn,15183,,,
14397,xbl,15184,,,
14397,bnet,15185,,,
14397,steam,15186,,,
14400,psn,15187,,,
14400,xbl,15188,,,
14400,bnet,15189,,,
14400,steam,15190,,,
14379,psn,15191,,,
14379,xbl,15192,,,
14379,bnet,15193,,,
14379,steam,15194,,,
14470,psn,15195,,,
14470,xbl,15196,,,
14470,bnet,15197,,,
14470,steam,15198,,,
14451,psn,15199,,,
14451,xbl,15200,,,
14451,bnet,15201,,,
14451,steam,15202,,,
14371,psn,15203,,,
14371,xbl,15204,,,
14371,bnet,15205,,,
14371,steam,15206,,,
14381,psn,15207,,,
14381,xbl,15208,,,
14381,bnet,15209,,,
14381,steam,15210,,,
14409,psn,15211,,,
14409,xbl,15212,,,
14409,bnet,15213,,,
14409,steam,15214,,,
14460,psn,15215,,,
14460,xbl,15216,,,
14460,bnet,15217,,,
14460,steam,15218,,,
14463,psn,15219,,,
14463,xbl,15220,,,
14463,bnet,15221,,,
14463,steam,15222,,,
14424,psn,15223,,,
14424,xbl,15224,,,
14424,bnet,15225,,,
14424,steam,15226,,,
10021,psn,17346,,,
10021,xbl,17347,,,
10021,bnet,17348,,,
10021,steam,17349,,,
14438,psn,19383|46560,,,
14438,xbl,46560,,,
14438,bnet,46560,,,
14438,steam,46560,,,
14382,psn,19384,,,
14382,xbl,19385,,,
14382,bnet,19386,,,
14382,steam,19387,,,
24037,psn,24047,,,
24037,xbl,24048,,,
24037,bnet,24049,,,
24037,steam,24050,,,
10243,psn,24909|46561,,,
10243,xbl,46561,,,
10243,bnet,46561,,,
10243,steam,46561,,,
26058,psn,24905,,,
26058,xbl,24906,,,
26058,bnet,24907,,,
26058,steam,24908,,,
9880,psn,28242,,,
9880,xbl,28243,,,
9880,bnet,28244,,,
9880,steam,28245,,,
24043,psn,28246,,,
24043,xbl,28247,,,
24043,bnet,28248,,,
24043,steam,28249,,,
30561,psn,30577|46562,,,
30561,xbl,46562,,,
30561,bnet,46562,,,
30561,steam,46562,,,
30295,psn,33328,,,
30295,xbl,33329,,,
30295,bnet,33330,,,
30295,steam,33331,,,
10291,psn,35147,,,
10291,xbl,35148,,,
10291,bnet,35149,,,
10291,steam,35150,,,
10419,psn,35138|46563,,,
10419,xbl,46563,,,
10419,bnet,46563,,,
10419,steam,46563,,,
9456,psn,37275,,,
9456,xbl,37276,,,
9456,bnet,37277,,,
9456,steam,37278,,,
14465,psn,43730,,,
14465,xbl,43731,,,
14465,bnet,43732,,,
14465,steam,43733,,,
10346,psn,43743|46564,,,
10346,xbl,46564,,,
10346,bnet,46564,,,
10346,steam,46564,,,
5028,psn,13454|19383|24909|30577|35138|43743|13570|46565|46559|46560|46561|46562|46563|46564,,,
5028,xbl,46565|46559|46560|46561|46562|46563|46564,,,
5028,bnet,46565|46559|46560|46561|46562|46563|46564,,,
5028,steam,46565|46559|46560|46561|46562|46563|46564,,,
5117,psn,24905|28922|13459|19393|19396|24910,,,
5117,xbl,24906|28922|13459|19393|19396|24910,,,
5117,bnet,24907|28922|13459|19393|19396|24910,,,
5117,steam,24908|28922|13459|19393|19396|24910,,,
5021,psn,30596,,,
5021,xbl,30597,,,
5021,bnet,30598,,,
5021,steam,30599,,,
5025,psn,43730,,,
5025,xbl,43731,,,
5025,bnet,43732,,,
5025,steam,43733,,,
14939,psn,19384,,,
14939,xbl,19385,,,
14939,bnet,19386,,,
14939,steam,19387,,,
14874,psn,24905,,,
14874,xbl,24906,,,
14874,bnet,24907,,,
14874,steam,24908,,,
18610,psn,30596,,,
18610,xbl,30597,,,
18610,bnet,30598,,,
18610,steam,30599,,,
18622,psn,33328,,,
18622,xbl,33329,,,
18622,bnet,33330,,,
18622,steam,33331,,,
29822,psn,35147,,,
29822,xbl,35148,,,
29822,bnet,35149,,,
29822,steam,35150,,,
14894,psn,37275,,,
14894,xbl,37276,,,
14894,bnet,37277,,,
14894,steam,37278,,,
15007,psn,43730,,,
15007,xbl,43731,,,
15007,bnet,43732,,,
15007,steam,43733,,,
8188,psn,13454|19383|24909|30577|35138|43743|13570|46565|46559|46560|46561|46562|46563|46564,,,
8188,xbl,46565|46559|46560|46561|46562|46563|46564,,,
8188,bnet,46565|46559|46560|46561|46562|46563|46564,,,
8188,steam,46565|46559|46560|46561|46562|46563|46564,,,
15035,psn,15175|15179|15183|15187|15191|15195|15199|15203|15207|15211|15215|15219|15223|22209|22208|22206|22210|22207|22204|22205|22211|29453|28257|33269,,,
15035,xbl,15176|15180|15184|15188|15192|15196|15200|15204|15208|15212|15216|15220|15224|22209|22208|22206|22210|22207|22204|22205|22211|29453|28257|33269,,,
15035,bnet,15177|15181|15185|15189|15193|15197|15201|15205|15209|15213|15217|15221|15225|22209|22208|22206|22210|22207|22204|22205|22211|29453|28257|33269,,,
15035,steam,15178|15182|15186|15190|15194|15198|15202|15206|15210|15214|15218|15222|15226|22209|22208|22206|22210|22207|22204|22205|22211|29453|28257|33269,,,
15034,psn,15175|15179|15183|15187|15191|15195|15199|15203|15207|15211|15215|15219|15223|22209|22208|22206|22210|22207|22204|22205|22211|29453,,,
15034,xbl,15176|15180|15184|15188|15192|15196|15200|15204|15208|15212|15216|15220|15224|22209|22208|22206|22210|22207|22204|22205|22211|29453,,,
15034,bnet,15177|15181|15185|15189|15193|15197|15201|15205|15209|15213|15217|15221|15225|22209|22208|22206|22210|22207|22204|22205|22211|29453,,,
15034,steam,15178|15182|15186|15190|15194|15198|15202|15206|15210|15214|15218|15222|15226|22209|22208|22206|22210|22207|22204|22205|22211|29453,,,
15037,psn,15175|15179|15183|15187|15191|15195|15199|15203|15207|15211|15215|15219|15223|22209|22208|22206|22210|22207|22204|22205|22211|29453,,,
15037,xbl,15176|15180|15184|15188|15192|15196|15200|15204|15208|15212|15216|15220|15224|22209|22208|22206|22210|22207|22204|22205|22211|29453,,,
15037,bnet,15177|15181|15185|15189|15193|15197|15201|15205|15209|15213|15217|15221|15225|22209|22208|22206|22210|22207|22204|22205|22211|29453,,,
15037,steam,15178|15182|15186|15190|15194|15198|15202|15206|15210|15214|15218|15222|15226|22209|22208|22206|22210|22207|22204|22205|22211|29453,,,
15036,psn,15175|15179|15183|15187|15191|15195|15199|15203|15207|15211|15215|15219|15223|22209|22208|22206|22210|22207|22204|22205|22211|29453,,,
15036,xbl,15176|15180|15184|15188|15192|15196|15200|15204|15208|15212|15216|15220|15224|22209|22208|22206|22210|22207|22204|22205|22211|29453,,,
15036,bnet,15177|15181|15185|15189|15193|15197|15201|15205|15209|15213|15217|15221|15225|22209|22208|22206|22210|22207|22204|22205|22211|29453,,,
15036,steam,15178|15182|15186|15190|15194|15198|15202|15206|15210|15214|15218|15222|15226|22209|22208|22206|22210|22207|22204|22205|22211|29453,,,
11390,psn,24905|28922|13459|19393|19396|24910,,,
11390,xbl,24906|28922|13459|19393|19396|24910,,,
11390,bnet,24907|28922|13459|19393|19396|24910,,,
11390,steam,24908|28922|13459|19393|19396|24910,,,
11398,psn,11976,,,
11398,xbl,11977,,,
11398,bnet,11978,,,
11398,steam,11979,,,
5987,psn,13390,,,
5987,xbl,13391,,,
5987,bnet,13399,,,
5987,steam,13316,,,
5993,psn,13390,,,
5993,xbl,13391,,,
5993,bnet,13399,,,
5993,steam,13316,,,
5976,psn,13390,,,
5976,xbl,13391,,,
5976,bnet,13399,,,
5976,steam,13316,,,
7966,psn,13390,,,
7966,xbl,13391,,,
7966,bnet,13399,,,
7966,steam,13316,,,
15927,psn,13454|46559,,,
15927,xbl,46559,,,
15927,bnet,46559,,,
15927,steam,46559,,,
14612,psn,15171,,,
14612,xbl,15172,,,
14612,bnet,15173,,,
14612,steam,15174,,,
15057,psn,15175,,,
15057,xbl,15176,,,
15057,bnet,15177,,,
15057,steam,15178,,,
15085,psn,15175,,,
15085,xbl,15176,,,
15085,bnet,15177,,,
15085,steam,15178,,,
15082,psn,15175,,,
15082,xbl,15176,,,
15082,bnet,15177,,,
15082,steam,15178,,,
15060,psn,15175,,,
15060,xbl,15176,,,
15060,bnet,15177,,,
15060,steam,15178,,,
15049,psn,15179,,,
15049,xbl,15180,,,
15049,bnet,15181,,,
15049,steam,15182,,,
15053,psn,15179,,,
15053,xbl,15180,,,
15053,bnet,15181,,,
15053,steam,15182,,,
15067,psn,15179,,,
15067,xbl,15180,,,
15067,bnet,15181,,,
15067,steam,15182,,,
15045,psn,15179,,,
15045,xbl,15180,,,
15045,bnet,15181,,,
15045,steam,15182,,,
15066,psn,15183,,,
15066,xbl,15184,,,
15066,bnet,15185,,,
15066,steam,15186,,,
15069,psn,15183,,,
15069,xbl,15184,,,
15069,bnet,15185,,,
15069,steam,15186,,,
15046,psn,15183,,,
15046,xbl,15184,,,
15046,bnet,15185,,,
15046,steam,15186,,,
15087,psn,15183,,,
15087,xbl,15184,,,
15087,bnet,15185,,,
15087,steam,15186,,,
15056,psn,15187,,,
15056,xbl,15188,,,
15056,bnet,15189,,,
15056,steam,15190,,,
15088,psn,15187,,,
15088,xbl,15188,,,
15088,bnet,15189,,,
15088,steam,15190,,,
15055,psn,15187,,,
15055,xbl,15188,,,
15055,bnet,15189,,,
15055,steam,15190,,,
15054,psn,15187,,,
15054,xbl,15188,,,
15054,bnet,15189,,,
15054,steam,15190,,,
15080,psn,15191,,,
15080,xbl,15192,,,
15080,bnet,15193,,,
15080,steam,15194,,,
15041,psn,15191,,,
15041,xbl,15192,,,
15041,bnet,15193,,,
15041,steam,15194,,,
15052,psn,15191,,,
15052,xbl,15192,,,
15052,bnet,15193,,,
15052,steam,15194,,,
15078,psn,15191,,,
15078,xbl,15192,,,
15078,bnet,15193,,,
15078,steam,15194,,,
15062,psn,15195,,,
15062,xbl,15196,,,
15062,bnet,15197,,,
15062,steam,15198,,,
15083,psn,15195,,,
15083,xbl,15196,,,
15083,bnet,15197,,,
15083,steam,15198,,,
15050,psn,15195,,,
15050,xbl,15196,,,
15050,bnet,15197,,,
15050,steam,15198,,,
15068,psn,15195,,,
15068,xbl,15196,,,
15068,bnet,15197,,,
15068,steam,15198,,,
15039,psn,15199,,,
15039,xbl,15200,,,
15039,bnet,15201,,,
15039,steam,15202,,,
15079,psn,15199,,,
15079,xbl,15200,,,
15079,bnet,15201,,,
15079,steam,15202,,,
15048,psn,15199,,,
15048,xbl,15200,,,
15048,bnet,15201,,,
15048,steam,15202,,,
15065,psn,15199,,,
15065,xbl,15200,,,
15065,bnet,15201,,,
15065,steam,15202,,,
15044,psn,15203,,,
15044,xbl,15204,,,
15044,bnet,15205,,,
15044,steam,15206,,,
15077,psn,15203,,,
15077,xbl,15204,,,
15077,bnet,15205,,,
15077,steam,15206,,,
15042,psn,15203,,,
15042,xbl,15204,,,
15042,bnet,15205,,,
15042,steam,15206,,,
15076,psn,15203,,,
15076,xbl,15204,,,
15076,bnet,15205,,,
15076,steam,15206,,,
15061,psn,15207,,,
15061,xbl,15208,,,
15061,bnet,15209,,,
15061,steam,15210,,,
15081,psn,15207,,,
15081,xbl,15208,,,
15081,bnet,15209,,,
15081,steam,15210,,,
15086,psn,15207,,,
15086,xbl,15208,,,
15086,bnet,15209,,,
15086,steam,15210,,,
15073,psn,15207,,,
15073,xbl,15208,,,
15073,bnet,15209,,,
15073,steam,15210,,,
15040,psn,15211,,,
15040,xbl,15212,,,
15040,bnet,15213,,,
15040,steam,15214,,,
15058,psn,15211,,,
15058,xbl,15212,,,
15058,bnet,15213,,,
15058,steam,15214,,,
15043,psn,15211,,,
15043,xbl,15212,,,
15043,bnet,15213,,,
15043,steam,15214,,,
15038,psn,15211,,,
15038,xbl,15212,,,
15038,bnet,15213,,,
15038,steam,15214,,,
15047,psn,15215,,,
15047,xbl,15216,,,
15047,bnet,15217,,,
15047,steam,15218,,,
15064,psn,15215,,,
15064,xbl,15216,,,
15064,bnet,15217,,,
15064,steam,15218,,,
15059,psn,15215,,,
15059,xbl,15216,,,
15059,bnet,15217,,,
15059,steam,15218,,,
15070,psn,15215,,,
15070,xbl,15216,,,
15070,bnet,15217,,,
15070,steam,15218,,,
15063,psn,15219,,,
15063,xbl,15220,,,
15063,bnet,15221,,,
15063,steam,15222,,,
15089,psn,15219,,,
15089,xbl,15220,,,
15089,bnet,15221,,,
15089,steam,15222,,,
15051,psn,15219,,,
15051,xbl,15220,,,
15051,bnet,15221,,,
15051,steam,15222,,,
15071,psn,15219,,,
15071,xbl,15220,,,
15071,bnet,15221,,,
15071,steam,15222,,,
15084,psn,15223,,,
15084,xbl,15224,,,
15084,bnet,15225,,,
15084,steam,15226,,,
15072,psn,15223,,,
15072,xbl,15224,,,
15072,bnet,15225,,,
15072,steam,15226,,,
15075,psn,15223,,,
15075,xbl,15224,,,
15075,bnet,15225,,,
15075,steam,15226,,,
15074,psn,15223,,,
15074,xbl,15224,,,
15074,bnet,15225,,,
15074,steam,15226,,,
20102,psn,19383|46560,,,
20102,xbl,46560,,,
20102,bnet,46560,,,
20102,steam,46560,,,
20105,psn,19384,,,
20105,xbl,19385,,,
20105,bnet,19386,,,
20105,steam,19387,,,
26173,psn,24909|46561,,,
26173,xbl,46561,,,
26173,bnet,46561,,,
26173,steam,46561,,,
26179,psn,24905,,,
26179,xbl,24906,,,
26179,bnet,24907,,,
26179,steam,24908,,,
27527,psn,28242,,,
27527,xbl,28243,,,
27527,bnet,28244,,,
27527,steam,28245,,,
27536,psn,28246,,,
27536,xbl,28247,,,
27536,bnet,28248,,,
27536,steam,28249,,,
31509,psn,30577|46562,,,
31509,xbl,46562,,,
31509,bnet,46562,,,
31509,steam,46562,,,
31510,psn,30596,,,
31510,xbl,30597,,,
31510,bnet,30598,,,
31510,steam,30599,,,
33287,psn,33328,,,
33287,xbl,33329,,,
33287,bnet,33330,,,
33287,steam,33331,,,
35104,psn,35147,,,
35104,xbl,35148,,,
35104,bnet,35149,,,
35104,steam,35150,,,
35448,psn,35138|46563,,,
35448,xbl,46563,,,
35448,bnet,46563,,,
35448,steam,46563,,,
37190,psn,37275,,,
37190,xbl,37276,,,
37190,bnet,37277,,,
37190,steam,37278,,,
37192,psn,43730,,,
37192,xbl,43731,,,
37192,bnet,43732,,,
37192,steam,43733,,,
41329,psn,43743|46564,,,
41329,xbl,46564,,,
41329,bnet,46564,,,
41329,steam,46564,,,
41352,psn,43708,,,
41352,xbl,43709,,,
41352,bnet,43710,,,
41352,steam,43711,,,
8189,psn,13570|46565,,,
8189,xbl,46565,,,
8189,bnet,46565,,,
8189,steam,46565,,,
6506,psn,11976,,,
6506,xbl,11977,,,
6506,bnet,11978,,,
6506,steam,11979,,,
6383,psn,11976,,,
6383,xbl,11977,,,
6383,bnet,11978,,,
6383,steam,11979,,,
6381,psn,12793,,,
6381,xbl,12794,,,
6381,bnet,12795,,,
6381,steam,12796,,,
6526,psn,13454|46559,,,
6526,xbl,46559,,,
6526,bnet,46559,,,
6526,steam,46559,,,
14584,psn,15175,,,
14584,xbl,15176,,,
14584,bnet,15177,,,
14584,steam,15178,,,
14532,psn,15175,,,
14532,xbl,15176,,,
14532,bnet,15177,,,
14532,steam,15178,,,
14483,psn,15179,,,
14483,xbl,15180,,,
14483,bnet,15181,,,
14483,steam,15182,,,
14474,psn,15183,,,
14474,xbl,15184,,,
14474,bnet,15185,,,
14474,steam,15186,,,
14486,psn,15187,,,
14486,xbl,15188,,,
14486,bnet,15189,,,
14486,steam,15190,,,
14507,psn,15191,,,
14507,xbl,15192,,,
14507,bnet,15193,,,
14507,steam,15194,,,
14555,psn,15195,,,
14555,xbl,15196,,,
14555,bnet,15197,,,
14555,steam,15198,,,
14580,psn,15199,,,
14580,xbl,15200,,,
14580,bnet,15201,,,
14580,steam,15202,,,
14542,psn,15203,,,
14542,xbl,15204,,,
14542,bnet,15205,,,
14542,steam,15206,,,
14520,psn,15207,,,
14520,xbl,15208,,,
14520,bnet,15209,,,
14520,steam,15210,,,
14562,psn,15211,,,
14562,xbl,15212,,,
14562,bnet,15213,,,
14562,steam,15214,,,
14508,psn,15215,,,
14508,xbl,15216,,,
14508,bnet,15217,,,
14508,steam,15218,,,
14546,psn,15219,,,
14546,xbl,15220,,,
14546,bnet,15221,,,
14546,steam,15222,,,
14571,psn,15223,,,
14571,xbl,15224,,,
14571,bnet,15225,,,
14571,steam,15226,,,
14577,psn,19383|46560,,,
14577,xbl,46560,,,
14577,bnet,46560,,,
14577,steam,46560,,,
6451,psn,24909|46561,,,
6451,xbl,46561,,,
6451,bnet,46561,,,
6451,steam,46561,,,
6731,psn,30577|46562,,,
6731,xbl,46562,,,
6731,bnet,46562,,,
6731,steam,46562,,,
6952,psn,35138|46563,,,
6952,xbl,46563,,,
6952,bnet,46563,,,
6952,steam,46563,,,
34958,psn,,,,
34958,xbl,,,,
34958,bnet,36618,,,
34958,steam,,,,
34956,psn,36616,,,
34956,xbl,,,,
34956,bnet,,,,
34956,steam,,,,
34959,psn,,,,
34959,xbl,,,,
34959,bnet,,,,
34959,steam,36619,,,
34957,psn,,,,
34957,xbl,36617,,,
34957,bnet,,,,
34957,steam,,,,
13306,psn,,,,
13306,xbl,16904,,,
13306,bnet,,,,
13306,steam,,,,
45469,psn,43704,,,
45469,xbl,43705,,,
45469,bnet,43706,,,
45469,steam,43707,,,
11488,psn,12793,,,
11488,xbl,12794,,,
11488,bnet,12795,,,
11488,steam,12796,,,
12461,psn,13454|46559,,,
12461,xbl,46559,,,
12461,bnet,46559,,,
12461,steam,46559,,,
12476,psn,15171,,,
12476,xbl,15172,,,
12476,bnet,15173,,,
12476,steam,15174,,,
12458,psn,15175,,,
12458,xbl,15176,,,
12458,bnet,15177,,,
12458,steam,15178,,,
15010,psn,15175,,,
15010,xbl,15176,,,
15010,bnet,15177,,,
15010,steam,15178,,,
15014,psn,15179,,,
15014,xbl,15180,,,
15014,bnet,15181,,,
15014,steam,15182,,,
12549,psn,15179,,,
12549,xbl,15180,,,
12549,bnet,15181,,,
12549,steam,15182,,,
15012,psn,15183,,,
15012,xbl,15184,,,
15012,bnet,15185,,,
15012,steam,15186,,,
12448,psn,15183,,,
12448,xbl,15184,,,
12448,bnet,15185,,,
12448,steam,15186,,,
15019,psn,15187,,,
15019,xbl,15188,,,
15019,bnet,15189,,,
15019,steam,15190,,,
12447,psn,15187,,,
12447,xbl,15188,,,
12447,bnet,15189,,,
12447,steam,15190,,,
15022,psn,15191,,,
15022,xbl,15192,,,
15022,bnet,15193,,,
15022,steam,15194,,,
12444,psn,15191,,,
12444,xbl,15192,,,
12444,bnet,15193,,,
12444,steam,15194,,,
15020,psn,15195,,,
15020,xbl,15196,,,
15020,bnet,15197,,,
15020,steam,15198,,,
12551,psn,15195,,,
12551,xbl,15196,,,
12551,bnet,15197,,,
12551,steam,15198,,,
15017,psn,15199,,,
15017,xbl,15200,,,
15017,bnet,15201,,,
15017,steam,15202,,,
12483,psn,15199,,,
12483,xbl,15200,,,
12483,bnet,15201,,,
12483,steam,15202,,,
15015,psn,15203,,,
15015,xbl,15204,,,
15015,bnet,15205,,,
15015,steam,15206,,,
12585,psn,15203,,,
12585,xbl,15204,,,
12585,bnet,15205,,,
12585,steam,15206,,,
15009,psn,15207,,,
15009,xbl,15208,,,
15009,bnet,15209,,,
15009,steam,15210,,,
12469,psn,15207,,,
12469,xbl,15208,,,
12469,bnet,15209,,,
12469,steam,15210,,,
15025,psn,15211,,,
15025,xbl,15212,,,
15025,bnet,15213,,,
15025,steam,15214,,,
12554,psn,15211,,,
12554,xbl,15212,,,
12554,bnet,15213,,,
12554,steam,15214,,,
15016,psn,15215,,,
15016,xbl,15216,,,
15016,bnet,15217,,,
15016,steam,15218,,,
12538,psn,15215,,,
12538,xbl,15216,,,
12538,bnet,15217,,,
12538,steam,15218,,,
15023,psn,15219,,,
15023,xbl,15220,,,
15023,bnet,15221,,,
15023,steam,15222,,,
12405,psn,15219,,,
12405,xbl,15220,,,
12405,bnet,15221,,,
12405,steam,15222,,,
15024,psn,15223,,,
15024,xbl,15224,,,
15024,bnet,15225,,,
15024,steam,15226,,,
12470,psn,15223,,,
12470,xbl,15224,,,
12470,bnet,15225,,,
12470,steam,15226,,,
15268,psn,19383|46560,,,
15268,xbl,46560,,,
15268,bnet,46560,,,
15268,steam,46560,,,
15330,psn,19384,,,
15330,xbl,19385,,,
15330,bnet,19386,,,
15330,steam,19387,,,
15311,psn,24909|46561,,,
15311,xbl,46561,,,
15311,bnet,46561,,,
15311,steam,46561,,,
15386,psn,24905,,,
15386,xbl,24906,,,
15386,bnet,24907,,,
15386,steam,24908,,,
15348,psn,26257,,,
15348,xbl,26258,,,
15348,bnet,26259,,,
15348,steam,26260,,,
15401,psn,26257,,,
15401,xbl,26258,,,
15401,bnet,26259,,,
15401,steam,26260,,,
15359,psn,26257,,,
15359,xbl,26258,,,
15359,bnet,26259,,,
15359,steam,26260,,,
15347,psn,26257,,,
15347,xbl,26258,,,
15347,bnet,26259,,,
15347,steam,26260,,,
15301,psn,26257,,,
15301,xbl,26258,,,
15301,bnet,26259,,,
15301,steam,26260,,,
15368,psn,26261,,,
15368,xbl,26262,,,
15368,bnet,26263,,,
15368,steam,26264,,,
15335,psn,26261,,,
15335,xbl,26262,,,
15335,bnet,26263,,,
15335,steam,26264,,,
15280,psn,26261,,,
15280,xbl,26262,,,
15280,bnet,26263,,,
15280,steam,26264,,,
15328,psn,26261,,,
15328,xbl,26262,,,
15328,bnet,26263,,,
15328,steam,26264,,,
15276,psn,26261,,,
15276,xbl,26262,,,
15276,bnet,26263,,,
15276,steam,26264,,,
15403,psn,26265,,,
15403,xbl,26266,,,
15403,bnet,26267,,,
15403,steam,26268,,,
15306,psn,26265,,,
15306,xbl,26266,,,
15306,bnet,26267,,,
15306,steam,26268,,,
15318,psn,26265,,,
15318,xbl,26266,,,
15318,bnet,26267,,,
15318,steam,26268,,,
26555,psn,26265,,,
26555,xbl,26266,,,
26555,bnet,26267,,,
26555,steam,26268,,,
15333,psn,26265,,,
15333,xbl,26266,,,
15333,bnet,26267,,,
15333,steam,26268,,,
15332,psn,26269,,,
15332,xbl,26270,,,
15332,bnet,26271,,,
15332,steam,26272,,,
15355,psn,26269,,,
15355,xbl,26270,,,
15355,bnet,26271,,,
15355,steam,26272,,,
15286,psn,26269,,,
15286,xbl,26270,,,
15286,bnet,26271,,,
15286,steam,26272,,,
15300,psn,26269,,,
15300,xbl,26270,,,
15300,bnet,26271,,,
15300,steam,26272,,,
15269,psn,26269,,,
15269,xbl,26270,,,
15269,bnet,26271,,,
15269,steam,26272,,,
15405,psn,26273,,,
15405,xbl,26274,,,
15405,bnet,26275,,,
15405,steam,26276,,,
15372,psn,26273,,,
15372,xbl,26274,,,
15372,bnet,26275,,,
15372,steam,26276,,,
15414,psn,26273,,,
15414,xbl,26274,,,
15414,bnet,26275,,,
15414,steam,26276,,,
15273,psn,26273,,,
15273,xbl,26274,,,
15273,bnet,26275,,,
15273,steam,26276,,,
15410,psn,26273,,,
15410,xbl,26274,,,
15410,bnet,26275,,,
15410,steam,26276,,,
15381,psn,26273,,,
15381,xbl,26274,,,
15381,bnet,26275,,,
15381,steam,26276,,,
15411,psn,26277,,,
15411,xbl,26278,,,
15411,bnet,26279,,,
15411,steam,26280,,,
15361,psn,26277,,,
15361,xbl,26278,,,
15361,bnet,26279,,,
15361,steam,26280,,,
15358,psn,26277,,,
15358,xbl,26278,,,
15358,bnet,26279,,,
15358,steam,26280,,,
15305,psn,26277,,,
15305,xbl,26278,,,
15305,bnet,26279,,,
15305,steam,26280,,,
15393,psn,26277,,,
15393,xbl,26278,,,
15393,bnet,26279,,,
15393,steam,26280,,,
15362,psn,26281,,,
15362,xbl,26282,,,
15362,bnet,26283,,,
15362,steam,26284,,,
15398,psn,26281,,,
15398,xbl,26282,,,
15398,bnet,26283,,,
15398,steam,26284,,,
15371,psn,26281,,,
15371,xbl,26282,,,
15371,bnet,26283,,,
15371,steam,26284,,,
15391,psn,26281,,,
15391,xbl,26282,,,
15391,bnet,26283,,,
15391,steam,26284,,,
15271,psn,26281,,,
15271,xbl,26282,,,
15271,bnet,26283,,,
15271,steam,26284,,,
15349,psn,26285,,,
15349,xbl,26286,,,
15349,bnet,26287,,,
15349,steam,26288,,,
15283,psn,26285,,,
15283,xbl,26286,,,
15283,bnet,26287,,,
15283,steam,26288,,,
15297,psn,26285,,,
15297,xbl,26286,,,
15297,bnet,26287,,,
15297,steam,26288,,,
15314,psn,26285,,,
15314,xbl,26286,,,
15314,bnet,26287,,,
15314,steam,26288,,,
15374,psn,26285,,,
15374,xbl,26286,,,
15374,bnet,26287,,,
15374,steam,26288,,,
15378,psn,26289,,,
15378,xbl,26290,,,
15378,bnet,26291,,,
15378,steam,26292,,,
15376,psn,26289,,,
15376,xbl,26290,,,
15376,bnet,26291,,,
15376,steam,26292,,,
15334,psn,26289,,,
15334,xbl,26290,,,
15334,bnet,26291,,,
15334,steam,26292,,,
15394,psn,26289,,,
15394,xbl,26290,,,
15394,bnet,26291,,,
15394,steam,26292,,,
15327,psn,26289,,,
15327,xbl,26290,,,
15327,bnet,26291,,,
15327,steam,26292,,,
15375,psn,26293,,,
15375,xbl,26294,,,
15375,bnet,26295,,,
15375,steam,26296,,,
15303,psn,26293,,,
15303,xbl,26294,,,
15303,bnet,26295,,,
15303,steam,26296,,,
15319,psn,26293,,,
15319,xbl,26294,,,
15319,bnet,26295,,,
15319,steam,26296,,,
15392,psn,26293,,,
15392,xbl,26294,,,
15392,bnet,26295,,,
15392,steam,26296,,,
15302,psn,26293,,,
15302,xbl,26294,,,
15302,bnet,26295,,,
15302,steam,26296,,,
15288,psn,26297,,,
15288,xbl,26298,,,
15288,bnet,26299,,,
15288,steam,26300,,,
15351,psn,26297,,,
15351,xbl,26298,,,
15351,bnet,26299,,,
15351,steam,26300,,,
15285,psn,26297,,,
15285,xbl,26298,,,
15285,bnet,26299,,,
15285,steam,26300,,,
15274,psn,26297,,,
15274,xbl,26298,,,
15274,bnet,26299,,,
15274,steam,26300,,,
15275,psn,26297,,,
15275,xbl,26298,,,
15275,bnet,26299,,,
15275,steam,26300,,,
15315,psn,26301,,,
15315,xbl,26302,,,
15315,bnet,26303,,,
15315,steam,26304,,,
15295,psn,26301,,,
15295,xbl,26302,,,
15295,bnet,26303,,,
15295,steam,26304,,,
15395,psn,26301,,,
15395,xbl,26302,,,
15395,bnet,26303,,,
15395,steam,26304,,,
15353,psn,26301,,,
15353,xbl,26302,,,
15353,bnet,26303,,,
15353,steam,26304,,,
15373,psn,26301,,,
15373,xbl,26302,,,
15373,bnet,26303,,,
15373,steam,26304,,,
15281,psn,28242,,,
15281,xbl,28243,,,
15281,bnet,28244,,,
15281,steam,28245,,,
15406,psn,28246,,,
15406,xbl,28247,,,
15406,bnet,28248,,,
15406,steam,28249,,,
15299,psn,30577|46562,,,
15299,xbl,46562,,,
15299,bnet,46562,,,
15299,steam,46562,,,
21168,psn,30596,,,
21168,xbl,30597,,,
21168,bnet,30598,,,
21168,steam,30599,,,
30426,psn,33328,,,
30426,xbl,33329,,,
30426,bnet,33330,,,
30426,steam,33331,,,
30912,psn,35147,,,
30912,xbl,35148,,,
30912,bnet,35149,,,
30912,steam,35150,,,
30924,psn,35138|46563,,,
30924,xbl,46563,,,
30924,bnet,46563,,,
30924,steam,46563,,,
20998,psn,37275,,,
20998,xbl,37276,,,
20998,bnet,37277,,,
20998,steam,37278,,,
30951,psn,43743|46564,,,
30951,xbl,46564,,,
30951,bnet,46564,,,
30951,steam,46564,,,
12385,psn,11976,,,
12385,xbl,11977,,,
12385,bnet,11978,,,
12385,steam,11979,,,
16913,psn,17346,,,
16913,xbl,17347,,,
16913,bnet,17348,,,
16913,steam,17349,,,
23960,psn,24047,,,
23960,xbl,24048,,,
23960,bnet,24049,,,
23960,steam,24050,,,
28241,psn,28242,,,
28241,xbl,28243,,,
28241,bnet,28244,,,
28241,steam,28245,,,
35127,psn,35147,,,
35127,xbl,35148,,,
35127,bnet,35149,,,
35127,steam,35150,,,
41361,psn,43730,,,
41361,xbl,43731,,,
41361,bnet,43732,,,
41361,steam,43733,,,
11851,psn,11976,,,
11851,xbl,11977,,,
11851,bnet,11978,,,
11851,steam,11979,,,
11818,psn,11976,,,
11818,xbl,11977,,,
11818,bnet,11978,,,
11818,steam,11979,,,
11817,psn,13390,,,
11817,xbl,13391,,,
11817,bnet,13399,,,
11817,steam,13316,,,
11867,psn,13390,,,
11867,xbl,13391,,,
11867,bnet,13399,,,
11867,steam,13316,,,
11854,psn,13390,,,
11854,xbl,13391,,,
11854,bnet,13399,,,
11854,steam,13316,,,
11875,psn,13390,,,
11875,xbl,13391,,,
11875,bnet,13399,,,
11875,steam,13316,,,
11868,psn,13390,,,
11868,xbl,13391,,,
11868,bnet,13399,,,
11868,steam,13316,,,
15094,psn,13454|46559,,,
15094,xbl,46559,,,
15094,bnet,46559,,,
15094,steam,46559,,,
13519,psn,13454|46559,,,
13519,xbl,46559,,,
13519,bnet,46559,,,
13519,steam,46559,,,
15096,psn,15171,,,
15096,xbl,15172,,,
15096,bnet,15173,,,
15096,steam,15174,,,
15458,psn,15171,,,
15458,xbl,15172,,,
15458,bnet,15173,,,
15458,steam,15174,,,
17658,psn,17346,,,
17658,xbl,17347,,,
17658,bnet,17348,,,
17658,steam,17349,,,
17657,psn,17346,,,
17657,xbl,17347,,,
17657,bnet,17348,,,
17657,steam,17349,,,
11809,psn,19383|46560,,,
11809,xbl,46560,,,
11809,bnet,46560,,,
11809,steam,46560,,,
19177,psn,19383|46560,,,
19177,xbl,46560,,,
19177,bnet,46560,,,
19177,steam,46560,,,
19175,psn,19384,,,
19175,xbl,19385,,,
19175,bnet,19386,,,
19175,steam,19387,,,
19176,psn,19384,,,
19176,xbl,19385,,,
19176,bnet,19386,,,
19176,steam,19387,,,
23645,psn,24047,,,
23645,xbl,24048,,,
23645,bnet,24049,,,
23645,steam,24050,,,
23734,psn,24047,,,
23734,xbl,24048,,,
23734,bnet,24049,,,
23734,steam,24050,,,
24464,psn,24909|46561,,,
24464,xbl,46561,,,
24464,bnet,46561,,,
24464,steam,46561,,,
20835,psn,24909|46561,,,
20835,xbl,46561,,,
20835,bnet,46561,,,
20835,steam,46561,,,
25644,psn,24905,,,
25644,xbl,24906,,,
25644,bnet,24907,,,
25644,steam,24908,,,
25661,psn,24905,,,
25661,xbl,24906,,,
25661,bnet,24907,,,
25661,steam,24908,,,
24546,psn,26257,,,
24546,xbl,26258,,,
24546,bnet,26259,,,
24546,steam,26260,,,
24547,psn,26261,,,
24547,xbl,26262,,,
24547,bnet,26263,,,
24547,steam,26264,,,
24548,psn,26265,,,
24548,xbl,26266,,,
24548,bnet,26267,,,
24548,steam,26268,,,
24549,psn,26269,,,
24549,xbl,26270,,,
24549,bnet,26271,,,
24549,steam,26272,,,
24550,psn,26273,,,
24550,xbl,26274,,,
24550,bnet,26275,,,
24550,steam,26276,,,
24551,psn,26277,,,
24551,xbl,26278,,,
24551,bnet,26279,,,
24551,steam,26280,,,
24552,psn,26281,,,
24552,xbl,26282,,,
24552,bnet,26283,,,
24552,steam,26284,,,
24553,psn,26285,,,
24553,xbl,26286,,,
24553,bnet,26287,,,
24553,steam,26288,,,
26139,psn,26289,,,
26139,xbl,26290,,,
26139,bnet,26291,,,
26139,steam,26292,,,
24554,psn,26293,,,
24554,xbl,26294,,,
24554,bnet,26295,,,
24554,steam,26296,,,
24555,psn,26297,,,
24555,xbl,26298,,,
24555,bnet,26299,,,
24555,steam,26300,,,
24465,psn,26301,,,
24465,xbl,26302,,,
24465,bnet,26303,,,
24465,steam,26304,,,
26547,psn,28242,,,
26547,xbl,28243,,,
26547,bnet,28244,,,
26547,steam,28245,,,
26914,psn,28242,,,
26914,xbl,28243,,,
26914,bnet,28244,,,
26914,steam,28245,,,
25226,psn,28246,,,
25226,xbl,28247,,,
25226,bnet,28248,,,
25226,steam,28249,,,
25611,psn,28246,,,
25611,xbl,28247,,,
25611,bnet,28248,,,
25611,steam,28249,,,
30174,psn,30577|46562,,,
30174,xbl,46562,,,
30174,bnet,46562,,,
30174,steam,46562,,,
29764,psn,30577|46562,,,
29764,xbl,46562,,,
29764,bnet,46562,,,
29764,steam,46562,,,
28422,psn,30596,,,
28422,xbl,30597,,,
28422,bnet,30598,,,
28422,steam,30599,,,
30405,psn,30596,,,
30405,xbl,30597,,,
30405,bnet,30598,,,
30405,steam,30599,,,
29025,psn,33328,,,
29025,xbl,33329,,,
29025,bnet,33330,,,
29025,steam,33331,,,
29034,psn,33328,,,
29034,xbl,33329,,,
29034,bnet,33330,,,
29034,steam,33331,,,
33952,psn,35147,,,
33952,xbl,35148,,,
33952,bnet,35149,,,
33952,steam,35150,,,
28431,psn,35147,,,
28431,xbl,35148,,,
28431,bnet,35149,,,
28431,steam,35150,,,
33739,psn,35138|46563,,,
33739,xbl,46563,,,
33739,bnet,46563,,,
33739,steam,46563,,,
34075,psn,35138|46563,,,
34075,xbl,46563,,,
34075,bnet,46563,,,
34075,steam,46563,,,
35428,psn,37275,,,
35428,xbl,37276,,,
35428,bnet,37277,,,
35428,steam,37278,,,
35433,psn,37275,,,
35433,xbl,37276,,,
35433,bnet,37277,,,
35433,steam,37278,,,
35067,psn,43730,,,
35067,xbl,43731,,,
35067,bnet,43732,,,
35067,steam,43733,,,
36043,psn,43730,,,
36043,xbl,43731,,,
36043,bnet,43732,,,
36043,steam,43733,,,
25123,psn,43743|46564,,,
25123,xbl,46564,,,
25123,bnet,46564,,,
25123,steam,46564,,,
34042,psn,43743|46564,,,
34042,xbl,46564,,,
34042,bnet,46564,,,
34042,steam,46564,,,
36037,psn,43712,,,
36037,xbl,43713,,,
36037,bnet,43714,,,
36037,steam,43715,,,
11808,psn,13570|46565,,,
11808,xbl,46565,,,
11808,bnet,46565,,,
11808,steam,46565,,,
8872,psn,11976,,,
8872,xbl,11977,,,
8872,bnet,11978,,,
8872,steam,11979,,,
8967,psn,13454|46559,,,
8967,xbl,46559,,,
8967,bnet,46559,,,
8967,steam,46559,,,
8679,psn,15171,,,
8679,xbl,15172,,,
8679,bnet,15173,,,
8679,steam,15174,,,
8715,psn,15175,,,
8715,xbl,15176,,,
8715,bnet,15177,,,
8715,steam,15178,,,
8837,psn,17346,,,
8837,xbl,17347,,,
8837,bnet,17348,,,
8837,steam,17349,,,
9027,psn,19383|46560,,,
9027,xbl,46560,,,
9027,bnet,46560,,,
9027,steam,46560,,,
8673,psn,19384,,,
8673,xbl,19385,,,
8673,bnet,19386,,,
8673,steam,19387,,,
9036,psn,24047,,,
9036,xbl,24048,,,
9036,bnet,24049,,,
9036,steam,24050,,,
9010,psn,24909|46561,,,
9010,xbl,46561,,,
9010,bnet,46561,,,
9010,steam,46561,,,
8882,psn,24905,,,
8882,xbl,24906,,,
8882,bnet,24907,,,
8882,steam,24908,,,
9024,psn,26257,,,
9024,xbl,26258,,,
9024,bnet,26259,,,
9024,steam,26260,,,
8917,psn,26261,,,
8917,xbl,26262,,,
8917,bnet,26263,,,
8917,steam,26264,,,
8653,psn,26265,,,
8653,xbl,26266,,,
8653,bnet,26267,,,
8653,steam,26268,,,
8792,psn,26269,,,
8792,xbl,26270,,,
8792,bnet,26271,,,
8792,steam,26272,,,
8819,psn,26273,,,
8819,xbl,26274,,,
8819,bnet,26275,,,
8819,steam,26276,,,
8757,psn,26277,,,
8757,xbl,26278,,,
8757,bnet,26279,,,
8757,steam,26280,,,
8787,psn,26281,,,
8787,xbl,26282,,,
8787,bnet,26283,,,
8787,steam,26284,,,
9030,psn,26285,,,
9030,xbl,26286,,,
9030,bnet,26287,,,
9030,steam,26288,,,
8873,psn,26289,,,
8873,xbl,26290,,,
8873,bnet,26291,,,
8873,steam,26292,,,
8782,psn,26293,,,
8782,xbl,26294,,,
8782,bnet,26295,,,
8782,steam,26296,,,
8804,psn,26297,,,
8804,xbl,26298,,,
8804,bnet,26299,,,
8804,steam,26300,,,
8839,psn,26301,,,
8839,xbl,26302,,,
8839,bnet,26303,,,
8839,steam,26304,,,
8932,psn,28242,,,
8932,xbl,28243,,,
8932,bnet,28244,,,
8932,steam,28245,,,
8747,psn,28246,,,
8747,xbl,28247,,,
8747,bnet,28248,,,
8747,steam,28249,,,
27603,psn,30577|46562,,,
27603,xbl,46562,,,
27603,bnet,46562,,,
27603,steam,46562,,,
27670,psn,33328,,,
27670,xbl,33329,,,
27670,bnet,33330,,,
27670,steam,33331,,,
27673,psn,35147,,,
27673,xbl,35148,,,
27673,bnet,35149,,,
27673,steam,35150,,,
27688,psn,35138|46563,,,
27688,xbl,46563,,,
27688,bnet,46563,,,
27688,steam,46563,,,
27678,psn,37275,,,
27678,xbl,37276,,,
27678,bnet,37277,,,
27678,steam,37278,,,
27666,psn,43730,,,
27666,xbl,43731,,,
27666,bnet,43732,,,
27666,steam,43733,,,
27706,psn,43743|46564,,,
27706,xbl,46564,,,
27706,bnet,46564,,,
27706,steam,46564,,,
