49676,cer_battle_pass_s0
36109,cer_battle_pass_s1
36110,cer_battle_pass_s2
36111,cer_battle_pass_s3
36112,cer_battle_pass_s4
36113,cer_battle_pass_s5
36114,cer_battle_pass_s6
36269,cer_bp_season1_page01
37352,cer_bp_season1_page02
37476,cer_bp_season1_page03
37477,cer_bp_season1_page04
37478,cer_bp_season1_page05
37479,cer_bp_season1_page06
37480,cer_bp_season1_page07
37481,cer_bp_season1_page08
37482,cer_bp_season1_page09
37483,cer_bp_season1_page10
37484,cer_bp_season1_page11
37485,cer_bp_season1_page12
37486,cer_bp_season1_page13
37487,cer_bp_season1_page14
50993,cer_bp_season2_page01
50979,cer_bp_season2_page02
50982,cer_bp_season2_page03
50988,cer_bp_season2_page04
50992,cer_bp_season2_page05
50990,cer_bp_season2_page06
50989,cer_bp_season2_page07
50981,cer_bp_season2_page08
50986,cer_bp_season2_page09
50985,cer_bp_season2_page10
50980,cer_bp_season2_page11
50978,cer_bp_season2_page12
50987,cer_bp_season2_page13
50984,cer_bp_season2_page14
52006,cer_bp_season3_page01
52005,cer_bp_season3_page02
51994,cer_bp_season3_page03
51995,cer_bp_season3_page04
52003,cer_bp_season3_page05
52004,cer_bp_season3_page06
52000,cer_bp_season3_page07
51998,cer_bp_season3_page08
52001,cer_bp_season3_page09
51996,cer_bp_season3_page10
52008,cer_bp_season3_page11
52002,cer_bp_season3_page12
51999,cer_bp_season3_page13
51992,cer_bp_season3_page14
