47830,cer_mp_armory_achievement_activation,0,0,,,,,,,,,,,LP_MP|MP|ZM,,,0
47874,cer_wz_armory_achievement_activation,0,0,,,,,,,,,,,BR|LP_BR|LP_RES,,,0
52023,cer_t10_me_p48_keene_armory_unlock,0,0,250000,93502,,,41,,,,,,BR|MP|LP_MP|LP_BR|LP_RES|ZM,1744736400,1744736400,0
52019,cer_t10_ar_p45_kent_armory_unlock,0,0,250000,93062,,,40,,,,,,BR|MP|LP_MP|LP_BR|LP_RES|ZM,1744045200,1744045200,0
50316,cer_t10_lm_p33_uxray_armory_unlock,0,0,250000,89417,,,39,,,,,,BR|MP|LP_MP|LP_BR|LP_RES|ZM,1742486400,1740157200,0
50318,cer_t10_sm_p41_perth_armory_unlock,0,0,250000,89735,,,38,,,,,,BR|MP|LP_MP|LP_BR|LP_RES|ZM,1742486400,1740157200,0
50320,cer_t10_ar_p34_tbaker_armory_unlock,0,0,250000,89391,,,37,,,,,,BR|MP|LP_MP|LP_BR|LP_RES|ZM,1742486400,1740157200,0
50325,cer_t10_ub_crossbow_armory_unlock,0,0,150000,89595,,,36,,,,,,BR|MP|LP_MP|LP_BR|LP_RES|ZM,1742486400,1740157200,0
51113,cer_wildcard_flyswatter_armory_unlock,0,0,100000,94461,,,35,,,,,,BR|MP|LP_MP|LP_BR|LP_RES|ZM,1743094800,1743094800,0
50705,cer_t10_me_p36_skateboard_armory_unlock,0,0,250000,89433,,,33,,,,,,BR|MP|LP_MP|LP_BR|LP_RES|ZM,1742490000,1742490000,0
50703,cer_t10_sl_p35_blauncher_armory_unlock,0,0,250000,89776,,,32,,,,,,BR|MP|LP_MP|LP_BR|LP_RES|ZM,1742490000,1742490000,0
50322,cer_t10_mags_beltfed_armory_unlock,0,0,150000,71208,,,31,,,,,,BR|MP|LP_MP|LP_BR|LP_RES|ZM,1742490000,1742490000,0
50702,cer_t10_me_p40_bostaff_armory_unlock,0,0,250000,89437,,,30,,,,,,BR|MP|LP_MP|LP_BR|LP_RES|ZM,1740070800,1740070800,0
50699,cer_t10_me_p37_katanas_armory_unlock,0,0,250000,89434,,,29,,,,,,BR|MP|LP_MP|LP_BR|LP_RES|ZM,1740070800,1740070800,0
50697,cer_t10_me_p38_sais_armory_unlock,0,0,250000,89435,,,28,,,,,,BR|MP|LP_MP|LP_BR|LP_RES|ZM,1740070800,1740070800,0
50695,cer_t10_me_p39_nunchaku_armory_unlock,0,0,250000,89436,,,27,,,,,,BR|MP|LP_MP|LP_BR|LP_RES|ZM,1740070800,1740070800,0
50689,cer_specialty_ping_enemy_after_kill_armory_unlock,0,0,100000,92409,,,26,,,,,,BR|MP|LP_MP|LP_BR|LP_RES|ZM,1740070800,1740070800,0
50694,cer_t10_dm_p05_falove_armory_unlock,0,0,250000,26686,,,25,,,,,,BR|MP|LP_MP|LP_BR|LP_RES|ZM,1740070800,1740070800,0
50686,cer_t10_selectauto_dm_aeasy_armory_unlock,0,0,150000,55422,,,24,,,,,,BR|MP|LP_MP|LP_BR|LP_RES|ZM,1740070800,1740070800,0
50692,cer_t10_selectsemi_roger31_armory_unlock,0,0,150000,46510,,,23,,,,,,BR|MP|LP_MP|LP_BR|LP_RES|ZM,1740070800,1740070800,0
50685,cer_killstreak_warmachine_armory_unlock,0,0,150000,93356,,,22,,,,,,BR|MP|LP_MP|LP_BR|LP_RES|ZM,1740070800,1740070800,0
50690,cer_specialty_allterrain_armory_unlock,0,0,100000,92889,,,21,,,,,,BR|MP|LP_MP|LP_BR|LP_RES|ZM,1740070800,1740070800,0
48940,cer_t10_ar_p05_fable_armory_unlock,0,0,250000,70896,,,19,,,,,,BR|MP|LP_MP|LP_BR|LP_RES|ZM,1738083600,1736528400,0
49713,cer_t10_sm_p28_saug_armory_unlock,0,0,250000,70974,,,18,,,,,,BR|MP|LP_MP|LP_BR|LP_RES|ZM,1738083600,1736528400,0
49675,cer_t10_ammo_12g_db_armory_unlock,0,0,150000,52598,,,17,,,,,,BR|MP|LP_MP|LP_BR|LP_RES|ZM,1738083600,1736528400,0
49718,cer_t10_me_p30_cleaver_armory_unlock,0,0,250000,71680,,,16,,,,,,BR|MP|LP_MP|LP_BR|LP_RES|ZM,1738083600,1738083600,0
49716,cer_t10_sn_p26_mary82_armory_unlock,0,0,250000,71045,,,15,,,,,,BR|MP|LP_MP|LP_BR|LP_RES|ZM,1735927200,1735927200,0
50243,cer_t10_selectburst_sm_safox_armory_unlock,0,0,150000,55160,,,14,,,,,,BR|MP|LP_MP|LP_BR|LP_RES|ZM,1735927200,1735927200,0
49670,cer_wildcard_high_roller_armory_unlock,0,0,100000,89678,,,13,,,,,,BR|MP|LP_MP|LP_BR|LP_RES|ZM,1735927200,1735927200,0
49671,cer_t10_sh_p27_jhavana_armory_unlock,0,0,250000,71073,,,11,,,,,,BR|MP|LP_MP|LP_BR|LP_RES|ZM,1734631200,1734631200,0
49673,cer_t10_selectburst_ar_coslo723_armory_unlock,0,0,150000,52285,,,10,,,,,,BR|MP|LP_MP|LP_BR|LP_RES|ZM,1734631200,1734631200,0
49709,cer_perk_damage_radar_armory_unlock,0,0,100000,89044,,,9,,,,,,BR|MP|LP_MP|LP_BR|LP_RES|ZM,1734631200,1734631200,0
49710,cer_zm_t10_ammomod_lightray_armory_unlock,0,0,150000,57678,,,8,,,,,,BR|MP|LP_MP|LP_BR|LP_RES|ZM,1734631200,1734631200,0
48951,cer_super_tesla_storm_armory_unlock,0,0,150000,55416,,,7,,,,,,BR|MP|LP_MP|LP_BR|LP_RES|ZM,1734631200,1734631200,0
49663,cer_t10_sl_p29_goslo_armory_unlock,0,0,250000,71271,,,6,,,,,,BR|MP|LP_MP|LP_BR|LP_RES|ZM,1733421600,1733421600,0
49665,cer_t10_me_p31_drill_armory_unlock,0,0,250000,71684,,,5,,,,,,BR|MP|LP_MP|LP_BR|LP_RES|ZM,1733421600,1733421600,0
48941,cer_t10_stocks_bufferweight_armory_unlock,0,0,150000,53983,,,4,,,,,,BR|MP|LP_MP|LP_BR|LP_RES|ZM,1733421600,1733421600,0
48943,cer_killstreak_hand_cannon_armory_unlock,0,0,150000,87831,,,3,,,,,,BR|MP|LP_MP|LP_BR|LP_RES|ZM,1733421600,1733421600,0
49711,cer_specialty_lightfoot_armory_unlock,0,0,100000,89940,,,2,,,,,,BR|MP|LP_MP|LP_BR|LP_RES|ZM,1733421600,1733421600,0
50717,cer_perk_low_profile_t10_wz_armory_unlock,0,0,100000,92396,,,34,,,,,,BR|LP_BR|LP_RES,1743094800,1743094800,0
50715,cer_perk_reactive_armor_t10_wz_armory_unlock,0,0,100000,91755,,,20,,,,,,BR|LP_BR|LP_RES,1740070800,1740070800,0
49707,cer_perk_flex_t10_wz_armory_unlock,0,0,100000,80973,,,12,,,,,,BR|LP_BR|LP_RES,1735927200,1735927200,0
50034,cer_perk_veteran_t10_wz_armory_unlock,0,0,100000,80972,,,1,,,,,,BR|LP_BR|LP_RES,1733421600,1733421600,0
48961,cer_jup_las_twofivex01_armory_unlock,0,0,75000,21774,,Legacy,,,,,,,BR|LP_BR|LP_RES,,,0
49468,cer_jup_las_fourx01_armory_unlock,0,0,75000,21778,,Legacy,,,,,,,BR|LP_BR|LP_RES,,,0
49469,cer_jup_las_minireddot01_armory_unlock,0,0,75000,21779,,Legacy,,,,,,,BR|LP_BR|LP_RES,,,0
49470,cer_jup_las_dmscope01_armory_unlock,0,0,75000,22744,,Legacy,,,,,,,BR|LP_BR|LP_RES,,,0
48963,cer_jup_acharlie_amp_300blk_armory_unlock,0,0,75000,23996,,Legacy,,,,,,,BR|LP_BR|LP_RES,,,0
49471,cer_jup_pkilop_amp_bull_armory_unlock,0,0,75000,26556,,Legacy,,,,,,,BR|LP_BR|LP_RES,,,0
49472,cer_jup_bromeo2m_amp_armory_unlock,0,0,75000,28197,,Legacy,,,,,,,BR|LP_BR|LP_RES,,,0
49473,cer_jup_jp19_br_acharlie450_drum_50_450b_armory_unlock,0,0,75000,32862,,Legacy,,,,,,,BR|LP_BR|LP_RES,,,0
49474,cer_jup_ub_flame_01_armory_unlock,0,0,75000,33862,,Legacy,,,,,,,BR|LP_BR|LP_RES,,,0
49475,cer_jup_jp08_ar_qbravo95_amp_t95_armory_unlock,0,0,75000,34103,,Legacy,,,,,,,BR|LP_BR|LP_RES,,,0
49476,cer_jup_hybrid_proj_armory_unlock,0,0,75000,39190,,Legacy,,,,,,,BR|LP_BR|LP_RES,,,0
49477,cer_jup_bar_ar_p04_akilo_amp_armory_unlock,0,0,75000,44581,,Legacy,,,,,,,BR|LP_BR|LP_RES,,,0
49478,cer_jup_jp01_ar_golf36_bar_amp_dbar_armory_unlock,0,0,75000,45900,,Legacy,,,,,,,BR|LP_BR|LP_RES,,,0
49479,cer_jup_jp09_sh_oromeo12_drum_amp_410g_armory_unlock,0,0,75000,45901,,Legacy,,,,,,,BR|LP_BR|LP_RES,,,0
49480,cer_jup_jp01_ar_golf36_bar_amp_armory_unlock,0,0,75000,47001,,Legacy,,,,,,,BR|LP_BR|LP_RES,,,0
49481,cer_jup_jp02_sm_scharlie3_bar_amp_armory_unlock,0,0,75000,47007,,Legacy,,,,,,,BR|LP_BR|LP_RES,,,0
49482,cer_jup_jp14_pi_rsierra12_bar_amp_armory_unlock,0,0,75000,47015,,Legacy,,,,,,,BR|LP_BR|LP_RES,,,0
49483,cer_jup_cp24_sm_glima21_bar_convert_armory_unlock,0,0,75000,48085,,Legacy,,,,,,,BR|LP_BR|LP_RES,,,0
49484,cer_jup_jp07_sm_uzulu_22_45acp_armory_unlock,0,0,75000,48086,,Legacy,,,,,,,BR|LP_BR|LP_RES,,,0
49485,cer_jup_jp07_sm_uzulup_stock_brace_armory_unlock,0,0,75000,48087,,Legacy,,,,,,,BR|LP_BR|LP_RES,,,0
49486,cer_jup_jp12_pi_mike93_bar_hvyconvert_armory_unlock,0,0,75000,48088,,Legacy,,,,,,,BR|LP_BR|LP_RES,,,0
49487,cer_jup_jp19_dm_acharlied_mag_20_68r_amp_armory_unlock,0,0,75000,48089,,Legacy,,,,,,,BR|LP_BR|LP_RES,,,0
49488,cer_jup_comp_ar_xxl_armory_unlock,0,0,75000,48542+48543+48544+48545+48546,,Legacy,,,,,,,BR|LP_BR|LP_RES,,,0
49489,cer_jup_minireddot_hor_armory_unlock,0,0,75000,48551,,Legacy,,,,,,,BR|LP_BR|LP_RES,,,0
49490,cer_jup_cp01_sm_coscar635_bar_amp_armory_unlock,0,0,75000,49188,,Legacy,,,,,,,BR|LP_BR|LP_RES,,,0
49491,cer_jup_cp08_br_xmike5_mag_amp_armory_unlock,0,0,75000,50211,,Legacy,,,,,,,BR|LP_BR|LP_RES,,,0
49492,cer_jup_ub_saw_01_armory_unlock,0,0,75000,52788,,Legacy,,,,,,,BR|LP_BR|LP_RES,,,0
49493,cer_jup_jp05_ar_foxtrot2000_9mm_amp_armory_unlock,0,0,75000,52793,,Legacy,,,,,,,BR|LP_BR|LP_RES,,,0
49494,cer_jup_reflex_proj_tall_armory_unlock,0,0,75000,53914,,Legacy,,,,,,,BR|LP_BR|LP_RES,,,0
49495,cer_jup_jp36_sn_boscar_mag_20_762s_armory_unlock,0,0,75000,54021,,Legacy,,,,,,,BR|LP_BR|LP_RES,,,0
49496,cer_jup_cp01_sm_coscar635_bar_hmr_amp_armory_unlock,0,0,75000,55164,,Legacy,,,,,,,BR|LP_BR|LP_RES,,,0
49497,cer_jup_cp01_sm_coscar635_stock_hmr_amp_armory_unlock,0,0,75000,55166,,Legacy,,,,,,,BR|LP_BR|LP_RES,,,0
49498,cer_jup_cp19_dm_sbeta_bar_1887_amp_armory_unlock,0,0,75000,55384,,Legacy,,,,,,,BR|LP_BR|LP_RES,,,0
49499,cer_jup_cp04_sh_vecho_bar_br_amp_armory_unlock,0,0,75000,55960,,Legacy,,,,,,,BR|LP_BR|LP_RES,,,0
49500,cer_jup_cp15_lm_mkilo3_mag_300_amp_armory_unlock,0,0,75000,55989,,Legacy,,,,,,,BR|LP_BR|LP_RES,,,0
49501,cer_jup_wc_jup_jp01_lm_mgolf36_bar_adverse_amp_armory_unlock,0,0,75000,56111,,Legacy,,,,,,,BR|LP_BR|LP_RES,,,0
49502,cer_jup_cp01_ar_mike4_mag_7_50b_amp_armory_unlock,0,0,75000,56492,,Legacy,,,,,,,BR|LP_BR|LP_RES,,,0
49503,cer_jup_jp26_la_mike32_rec_amp_armory_unlock,0,0,75000,56497,,Legacy,,,,,,,BR|LP_BR|LP_RES,,,0
50061,cer_jup_reflex08,0,0,75000,39705,,Legacy,,,,,,,BR|LP_BR|LP_RES,,,0
49504,cer_jup_cp01_ar_mike16_bar_amp_armory_unlock,0,0,75000,57009,,Legacy,,,,,,,BR|LP_BR|LP_RES,,,0
49505,cer_jup_jp25_ar_balpha27_mag_las_armory_unlock,0,0,75000,57489,,Legacy,,,,,,,BR|LP_BR|LP_RES,,,0
49506,cer_jup_cp26_pi_swhiskey_cyl_amp_armory_unlock,0,0,75000,60652,,Legacy,,,,,,,BR|LP_BR|LP_RES,,,0
49507,cer_jup_jp32_pi_mpapa9_bar_amp_armory_unlock,0,0,75000,60881,,Legacy,,,,,,,BR|LP_BR|LP_RES,,,0
49508,cer_jup_cp04_lm_rkilo_drum_amp_armory_unlock,0,0,75000,65567,,Legacy,,,,,,,BR|LP_BR|LP_RES,,,0
49509,cer_jup_cp16_lm_slima_bar_amp_armory_unlock,0,0,75000,65573,,Legacy,,,,,,,BR|LP_BR|LP_RES,,,0
49510,cer_jup_grip_vert_tk_amp_armory_unlock,0,0,75000,65621,,Legacy,,,,,,,BR|LP_BR|LP_RES,,,0
50059,cer_jup_hybridscope_02,0,0,75000,24022,,Legacy,,,,,,,BR|LP_BR|LP_RES,,,0
49511,cer_jup_jp17_sn_hsierra_mag_amp_armory_unlock,0,0,75000,69238,,Legacy,,,,,,,BR|LP_BR|LP_RES,,,0
49512,cer_jup_jp13_stockr_amp_svictork_armory_unlock,0,0,75000,69815,,Legacy,,,,,,,BR|LP_BR|LP_RES,,,0
49513,cer_jup_grip_angled_gh_armory_unlock,0,0,75000,71650,,Legacy,,,,,,,BR|LP_BR|LP_RES,,,0
49514,cer_jup_silencer_xxl_ar_armory_unlock,0,0,75000,71651,,Legacy,,,,,,,BR|LP_BR|LP_RES,,,0
49515,cer_jup_silencer_br_las_armory_unlock,0,0,75000,73678,,Legacy,,,,,,,BR|LP_BR|LP_RES,,,0
49516,cer_jup_jp35_sn_moscar_bar_blund_armory_unlock,0,0,75000,74070,,Legacy,,,,,,,BR|LP_BR|LP_RES,,,0
49517,cer_jup_bar_sh_cp44_amp_armory_unlock,0,0,75000,81281,,Legacy,,,,,,,BR|LP_BR|LP_RES,,,0
49518,cer_jup_dromeo_rec_amp_armory_unlock,0,0,75000,81356,,Legacy,,,,,,,BR|LP_BR|LP_RES,,,0
49519,cer_jup_jp38_sh_spapa12_stock_akimbo_amp_armory_unlock,0,0,75000,82134,,Legacy,,,,,,,BR|LP_BR|LP_RES,,,0
49520,cer_jup_jp25_ar_talpha95_bar_lgtlong_armory_unlock,0,0,75000,26012,,Legacy,,,,,,,BR|LP_BR|LP_RES,,,0
49521,cer_jup_jp03_sm_pmike_barsil_armory_unlock,0,0,75000,48118,,Legacy,,,,,,,BR|LP_BR|LP_RES,,,0
49522,cer_jup_iron_cdelta50_armory_unlock,0,0,75000,53975,,Legacy,,,,,,,BR|LP_BR|LP_RES,,,0
49523,cer_iw9_lm_ngolf7_armory_unlock,0,0,125000,11303,,Legacy,,,,,,,BR|LP_BR|LP_RES,,,0
49524,cer_iw9_pi_decho_armory_unlock,0,0,125000,11324,,Legacy,,,,,,,BR|LP_BR|LP_RES,,,0
49525,cer_iw9_sm_mpapa7_armory_unlock,0,0,125000,11311,,Legacy,,,,,,,BR|LP_BR|LP_RES,,,0
49526,cer_iw9_dm_scromeo_armory_unlock,0,0,125000,11312,,Legacy,,,,,,,BR|LP_BR|LP_RES,,,0
49527,cer_iw9_sh_charlie725_armory_unlock,0,0,125000,11313,,Legacy,,,,,,,BR|LP_BR|LP_RES,,,0
49528,cer_iw9_lm_slima_armory_unlock,0,0,125000,11314,,Legacy,,,,,,,BR|LP_BR|LP_RES,,,0
49529,cer_iw9_sm_victor_armory_unlock,0,0,125000,11315,,Legacy,,,,,,,BR|LP_BR|LP_RES,,,0
49530,cer_iw9_dm_sa700_armory_unlock,0,0,125000,11316,,Legacy,,,,,,,BR|LP_BR|LP_RES,,,0
49531,cer_iw9_sn_mromeo_armory_unlock,0,0,125000,11317,,Legacy,,,,,,,BR|LP_BR|LP_RES,,,0
49532,cer_iw9_lm_ahotel_armory_unlock,0,0,125000,11318,,Legacy,,,,,,,BR|LP_BR|LP_RES,,,0
49533,cer_iw9_dm_crossbow_armory_unlock,0,0,125000,11322,,Legacy,,,,,,,BR|LP_BR|LP_RES,,,0
49534,cer_iw9_pi_dechoauto_armory_unlock,0,0,125000,24472,,Legacy,,,,,,,BR|LP_BR|LP_RES,,,0
49535,cer_iw9_la_kgolf_armory_unlock,0,0,125000,11326,,Legacy,,,,,,,BR|LP_BR|LP_RES,,,0
49536,cer_iw9_sh_mviktor_armory_unlock,0,0,125000,11328,,Legacy,,,,,,,BR|LP_BR|LP_RES,,,0
49537,cer_iw9_dm_sbeta_armory_unlock,0,0,125000,11329,,Legacy,,,,,,,BR|LP_BR|LP_RES,,,0
49538,cer_iw9_dm_mike24_armory_unlock,0,0,125000,11330,,Legacy,,,,,,,BR|LP_BR|LP_RES,,,0
49539,cer_iw9_lm_foxtrot_armory_unlock,0,0,125000,11331,,Legacy,,,,,,,BR|LP_BR|LP_RES,,,0
49540,cer_iw9_sm_mpapax_armory_unlock,0,0,125000,11335,,Legacy,,,,,,,BR|LP_BR|LP_RES,,,0
49541,cer_br_soscar14_armory_unlock,0,0,125000,11336,,Legacy,,,,,,,BR|LP_BR|LP_RES,,,0
49542,cer_iw9_sm_mpapa5_armory_unlock,0,0,125000,11338,,Legacy,,,,,,,BR|LP_BR|LP_RES,,,0
49543,cer_iw9_ar_golf3_armory_unlock,0,0,125000,11339,,Legacy,,,,,,,BR|LP_BR|LP_RES,,,0
49544,cer_iw9_dm_xmike2010_armory_unlock,0,0,125000,11340,,Legacy,,,,,,,BR|LP_BR|LP_RES,,,0
49545,cer_iw9_sm_beta_armory_unlock,0,0,125000,11341,,Legacy,,,,,,,BR|LP_BR|LP_RES,,,0
49546,cer_iw9_lm_kilo21_armory_unlock,0,0,125000,11342,,Legacy,,,,,,,BR|LP_BR|LP_RES,,,0
49547,cer_iw9_dm_la700_armory_unlock,0,0,125000,11348,,Legacy,,,,,,,BR|LP_BR|LP_RES,,,0
49548,cer_iw9_dm_pgolf1_armory_unlock,0,0,125000,11349,,Legacy,,,,,,,BR|LP_BR|LP_RES,,,0
49549,cer_iw9_dm_mike14_armory_unlock,0,0,125000,11350,,Legacy,,,,,,,BR|LP_BR|LP_RES,,,0
49550,cer_iw9_la_rpapa7_armory_unlock,0,0,125000,11351,,Legacy,,,,,,,BR|LP_BR|LP_RES,,,0
49551,cer_iw9_pi_golf17_armory_unlock,0,0,125000,11307,,Legacy,,,,,,,BR|LP_BR|LP_RES,,,0
49552,cer_iw9_sh_mbravo_armory_unlock,0,0,125000,11356,,Legacy,,,,,,,BR|LP_BR|LP_RES,,,0
49553,cer_iw9_br_msecho_armory_unlock,0,0,125000,11357,,Legacy,,,,,,,BR|LP_BR|LP_RES,,,0
49554,cer_iw9_sn_limax_armory_unlock,0,0,125000,11358,,Legacy,,,,,,,BR|LP_BR|LP_RES,,,0
49555,cer_iw9_sn_alpha50_armory_unlock,0,0,125000,11359,,Legacy,,,,,,,BR|LP_BR|LP_RES,,,0
49556,cer_iw9_lm_rkilo_armory_unlock,0,0,125000,11360,,Legacy,,,,,,,BR|LP_BR|LP_RES,,,0
49557,cer_iw9_pi_golf18_armory_unlock,0,0,125000,11361,,Legacy,,,,,,,BR|LP_BR|LP_RES,,,0
49558,cer_iw9_ar_schotel_armory_unlock,0,0,125000,11362,,Legacy,,,,,,,BR|LP_BR|LP_RES,,,0
49559,cer_iw9_sm_aviktor_armory_unlock,0,0,125000,11364,,Legacy,,,,,,,BR|LP_BR|LP_RES,,,0
49560,cer_iw9_sm_alpha57_armory_unlock,0,0,125000,11365,,Legacy,,,,,,,BR|LP_BR|LP_RES,,,0
49561,cer_iw9_sh_mike1014_armory_unlock,0,0,125000,11366,,Legacy,,,,,,,BR|LP_BR|LP_RES,,,0
49562,cer_iw9_pi_mike2011_armory_unlock,0,0,125000,32914,,Legacy,,,,,,,BR|LP_BR|LP_RES,,,0
49563,cer_iw9_sm_apapa_armory_unlock,0,0,125000,11373,,Legacy,,,,,,,BR|LP_BR|LP_RES,,,0
49564,cer_iw9_sm_papa90_armory_unlock,0,0,125000,11374,,Legacy,,,,,,,BR|LP_BR|LP_RES,,,0
49565,cer_iw9_sh_vecho_armory_unlock,0,0,125000,13531,,Legacy,,,,,,,BR|LP_BR|LP_RES,,,0
49566,cer_iw9_ar_scharlie_armory_unlock,0,0,125000,11302,,Legacy,,,,,,,BR|LP_BR|LP_RES,,,0
49567,cer_iw9_dm_stango25_armory_unlock,0,0,125000,16976,,Legacy,,,,,,,BR|LP_BR|LP_RES,,,0
49568,cer_iw9_ar_akilo_armory_unlock,0,0,125000,11305,,Legacy,,,,,,,BR|LP_BR|LP_RES,,,0
49569,cer_iw9_ar_kilo53_armory_unlock,0,0,125000,11320,,Legacy,,,,,,,BR|LP_BR|LP_RES,,,0
49570,cer_iw9_br_ngsierra_armory_unlock,0,0,125000,22002,,Legacy,,,,,,,BR|LP_BR|LP_RES,,,0
49571,cer_iw9_pi_papa220_armory_unlock,0,0,125000,11352,,Legacy,,,,,,,BR|LP_BR|LP_RES,,,0
49572,cer_iw9_pi_swhiskey_armory_unlock,0,0,125000,11367,,Legacy,,,,,,,BR|LP_BR|LP_RES,,,0
49573,cer_iw9_ar_akilo105_armory_unlock,0,0,125000,11323,,Legacy,,,,,,,BR|LP_BR|LP_RES,,,0
49574,cer_iw9_pi_tango9_armory_unlock,0,0,125000,24089,,Legacy,,,,,,,BR|LP_BR|LP_RES,,,0
49575,cer_iw9_ar_mike16_armory_unlock,0,0,125000,11325,,Legacy,,,,,,,BR|LP_BR|LP_RES,,,0
49576,cer_iw9_ar_akilo74_armory_unlock,0,0,125000,11327,,Legacy,,,,,,,BR|LP_BR|LP_RES,,,0
49577,cer_iw9_sn_india_armory_unlock,0,0,125000,22228,,Legacy,,,,,,,BR|LP_BR|LP_RES,,,0
49578,cer_iw9_ar_mcbravo_armory_unlock,0,0,125000,11345,,Legacy,,,,,,,BR|LP_BR|LP_RES,,,0
49579,cer_iw9_ar_mcharlie_armory_unlock,0,0,125000,11346,,Legacy,,,,,,,BR|LP_BR|LP_RES,,,0
49580,cer_iw9_sm_acharlie45_armory_unlock,0,0,125000,26710,,Legacy,,,,,,,BR|LP_BR|LP_RES,,,0
49581,cer_iw9_ar_mike4_armory_unlock,0,0,125000,11354,,Legacy,,,,,,,BR|LP_BR|LP_RES,,,0
49582,cer_iw9_sh_tsierra12_armory_unlock,0,0,125000,29624,,Legacy,,,,,,,BR|LP_BR|LP_RES,,,0
49583,cer_iw9_ar_augolf_armory_unlock,0,0,125000,11372,,Legacy,,,,,,,BR|LP_BR|LP_RES,,,0
49584,cer_iw9_sn_walpha_armory_unlock,0,0,125000,31576,,Legacy,,,,,,,BR|LP_BR|LP_RES,,,0
49585,cer_iw9_ar_acharlie300_armory_unlock,0,0,125000,14657,,Legacy,,,,,,,BR|LP_BR|LP_RES,,,0
49586,cer_iw9_sm_sdelta_armory_unlock,0,0,125000,35487,,Legacy,,,,,,,BR|LP_BR|LP_RES,,,0
49587,cer_iw9_ar_helima_armory_unlock,0,0,125000,26647,,Legacy,,,,,,,BR|LP_BR|LP_RES,,,0
49588,cer_iw9_sm_acharlie9_armory_unlock,0,0,125000,36831,,Legacy,,,,,,,BR|LP_BR|LP_RES,,,0
49590,cer_iw9_ar_fecho_armory_unlock,0,0,125000,29324,,Legacy,,,,,,,BR|LP_BR|LP_RES,,,0
49591,cer_iw9_me_knife_armory_unlock,0,0,125000,11355,,Legacy,,,,,,,BR|LP_BR|LP_RES,,,0
49592,cer_iw9_ar_ralpha_armory_unlock,0,0,125000,30679,,Legacy,,,,,,,BR|LP_BR|LP_RES,,,0
49593,cer_iw9_me_sword_01_armory_unlock,0,0,125000,16017,,Legacy,,,,,,,BR|LP_BR|LP_RES,,,0
49594,cer_iw9_me_pickaxe_armory_unlock,0,0,125000,35505,,Legacy,,,,,,,BR|LP_BR|LP_RES,,,0
49595,cer_iw9_ar_malima_armory_unlock,0,0,125000,36568,,Legacy,,,,,,,BR|LP_BR|LP_RES,,,0
49596,cer_iw9_me_kamas_armory_unlock,0,0,125000,36905,,Legacy,,,,,,,BR|LP_BR|LP_RES,,,0
49597,cer_jup_jp01_ar_golf36_armory_unlock,0,0,125000,17181,,Legacy,,,,,,,BR|LP_BR|LP_RES,,,0
47872,cer_jup_jp19_ar_acharlie_armory_unlock,0,0,125000,17182,,Legacy,,,,,,,BR|LP_BR|LP_RES,,,0
49598,cer_iw9_la_juliet_armory_unlock,0,0,125000,11337,,Legacy,,,,,,,BR|LP_BR|LP_RES,,,0
49599,cer_iw9_la_gromeo_armory_unlock,0,0,125000,11344,,Legacy,,,,,,,BR|LP_BR|LP_RES,,,0
49600,cer_jup_jp02_ar_bromeo805_armory_unlock,0,0,125000,17193,,Legacy,,,,,,,BR|LP_BR|LP_RES,,,0
49601,cer_jup_jp08_ar_qbravo97_armory_unlock,0,0,125000,17214,,Legacy,,,,,,,BR|LP_BR|LP_RES,,,0
49602,cer_jup_jp36_ar_anov94_armory_unlock,0,0,125000,32081,,Legacy,,,,,,,BR|LP_BR|LP_RES,,,0
49603,cer_jup_cp06_ar_falpha_armory_unlock,0,0,125000,46570,,Legacy,,,,,,,BR|LP_BR|LP_RES,,,0
49604,cer_jup_jp02_dm_bromeop_armory_unlock,0,0,125000,17180,,Legacy,,,,,,,BR|LP_BR|LP_RES,,,0
49605,cer_jup_cp01_sm_coscar635_armory_unlock,0,0,125000,17183,,Legacy,,,,,,,BR|LP_BR|LP_RES,,,0
49606,cer_jup_jp17_sn_hsierra_armory_unlock,0,0,125000,17184,,Legacy,,,,,,,BR|LP_BR|LP_RES,,,0
49607,cer_jup_jp04_sm_lwhiskey_armory_unlock,0,0,125000,17185,,Legacy,,,,,,,BR|LP_BR|LP_RES,,,0
49608,cer_jup_jp02_br_bromeo2_armory_unlock,0,0,125000,17186,,Legacy,,,,,,,BR|LP_BR|LP_RES,,,0
49609,cer_jup_jp13_sn_svictor_armory_unlock,0,0,125000,17190,,Legacy,,,,,,,BR|LP_BR|LP_RES,,,0
49610,cer_jup_jp19_br_acharlie450_armory_unlock,0,0,125000,17192,,Legacy,,,,,,,BR|LP_BR|LP_RES,,,0
49611,cer_jup_jp07_sm_uzulup_armory_unlock,0,0,125000,17194,,Legacy,,,,,,,BR|LP_BR|LP_RES,,,0
49612,cer_jup_jp02_sm_scharlie3_armory_unlock,0,0,125000,17199,,Legacy,,,,,,,BR|LP_BR|LP_RES,,,0
49613,cer_jup_jp01_dm_slima8_armory_unlock,0,0,125000,17202,,Legacy,,,,,,,BR|LP_BR|LP_RES,,,0
49614,cer_jup_jp04_sm_umike_armory_unlock,0,0,125000,17203,,Legacy,,,,,,,BR|LP_BR|LP_RES,,,0
49615,cer_jup_jp16_sh_recho870_armory_unlock,0,0,125000,17205,,Legacy,,,,,,,BR|LP_BR|LP_RES,,,0
49616,cer_jup_jp01_lm_mgolf36_armory_unlock,0,0,125000,17207,,Legacy,,,,,,,BR|LP_BR|LP_RES,,,0
49617,cer_jup_jp13_dm_svictork_armory_unlock,0,0,125000,17208,,Legacy,,,,,,,BR|LP_BR|LP_RES,,,0
49618,cer_jup_jp08_lm_qbravo95lsw_armory_unlock,0,0,125000,17209,,Legacy,,,,,,,BR|LP_BR|LP_RES,,,0
49619,cer_jup_jp06_lm_pkilop_armory_unlock,0,0,125000,17210,,Legacy,,,,,,,BR|LP_BR|LP_RES,,,0
49620,cer_jup_cp24_pi_glima21_armory_unlock,0,0,125000,17211,,Legacy,,,,,,,BR|LP_BR|LP_RES,,,0
49621,cer_jup_jp07_sm_uzulu_armory_unlock,0,0,125000,17213,,Legacy,,,,,,,BR|LP_BR|LP_RES,,,0
49622,cer_jup_jp09_sh_oromeo12_armory_unlock,0,0,125000,17216,,Legacy,,,,,,,BR|LP_BR|LP_RES,,,0
49623,cer_jup_jp19_dm_acharlied_armory_unlock,0,0,125000,17218,,Legacy,,,,,,,BR|LP_BR|LP_RES,,,0
49624,cer_jup_jp26_la_mike32_armory_unlock,0,0,125000,21637,,Legacy,,,,,,,BR|LP_BR|LP_RES,,,0
49625,cer_jup_jp07_pi_uzulum_armory_unlock,0,0,125000,17191,,Legacy,,,,,,,BR|LP_BR|LP_RES,,,0
49626,cer_jup_jp12_pi_mike93_armory_unlock,0,0,125000,17187,,Legacy,,,,,,,BR|LP_BR|LP_RES,,,0
49627,cer_jup_jp23_me_knife_armory_unlock,0,0,125000,17777,,Legacy,,,,,,,BR|LP_BR|LP_RES,,,0
49628,cer_iw9_me_tonfa_armory_unlock,0,0,125000,25653,,Legacy,,,,,,,BR|LP_BR|LP_RES,,,0
49629,cer_jup_cp01_sh_aromeo410_armory_unlock,0,0,125000,30275,,Legacy,,,,,,,BR|LP_BR|LP_RES,,,0
49630,cer_jup_jp36_sn_boscar_armory_unlock,0,0,125000,32080,,Legacy,,,,,,,BR|LP_BR|LP_RES,,,0
49631,cer_jup_jp14_pi_rsierra12_armory_unlock,0,0,125000,17197,,Legacy,,,,,,,BR|LP_BR|LP_RES,,,0
49632,cer_jup_jp23_me_kalpha_armory_unlock,0,0,125000,28186,,Legacy,,,,,,,BR|LP_BR|LP_RES,,,0
49633,cer_jup_cp15_lm_mkilo3_armory_unlock,0,0,125000,46989,,Legacy,,,,,,,BR|LP_BR|LP_RES,,,0
49634,cer_jup_cp08_br_xmike5_armory_unlock,0,0,125000,17189,,Legacy,,,,,,,BR|LP_BR|LP_RES,,,0
49635,cer_jup_cp05_lm_halpha_armory_unlock,0,0,125000,29641,,Legacy,,,,,,,BR|LP_BR|LP_RES,,,0
49636,cer_jup_jp40_br_hcharlie36_armory_unlock,0,0,125000,64105,,Legacy,,,,,,,BR|LP_BR|LP_RES,,,0
49637,cer_jup_jp28_lm_rpapa20_armory_unlock,0,0,125000,65145,,Legacy,,,,,,,BR|LP_BR|LP_RES,,,0
49638,cer_jup_jp25_ar_talpha95_armory_unlock,0,0,125000,25498,,Legacy,,,,,,,BR|LP_BR|LP_RES,,,0
49639,cer_jup_jp20_lm_evictor_armory_unlock,0,0,125000,17198,,Legacy,,,,,,,BR|LP_BR|LP_RES,,,0
49640,cer_jup_jp22_la_dromeo_armory_unlock,0,0,125000,17778,,Legacy,,,,,,,BR|LP_BR|LP_RES,,,0
49641,cer_jup_jp03_sm_pmike_armory_unlock,0,0,125000,24669,,Legacy,,,,,,,BR|LP_BR|LP_RES,,,0
49642,cer_jup_jp10_sn_cdelta50_armory_unlock,0,0,125000,24677,,Legacy,,,,,,,BR|LP_BR|LP_RES,,,0
49643,cer_jup_jp05_ar_foxtrot2000_armory_unlock,0,0,125000,17212,,Legacy,,,,,,,BR|LP_BR|LP_RES,,,0
49644,cer_jup_jp23_me_swhiskey_armory_unlock,0,0,125000,49183,,Legacy,,,,,,,BR|LP_BR|LP_RES,,,0
49645,cer_jup_jp03_br_aromeo200_armory_unlock,0,0,125000,24670,,Legacy,,,,,,,BR|LP_BR|LP_RES,,,0
49646,cer_jup_jp25_sm_talpham_armory_unlock,0,0,125000,49909,,Legacy,,,,,,,BR|LP_BR|LP_RES,,,0
49647,cer_jup_jp34_ar_balpha27_armory_unlock,0,0,125000,49835,,Legacy,,,,,,,BR|LP_BR|LP_RES,,,0
49648,cer_jup_jp23_me_pdango_armory_unlock,0,0,125000,54601,,Legacy,,,,,,,BR|LP_BR|LP_RES,,,0
49649,cer_jup_jp32_pi_mpapa9_armory_unlock,0,0,125000,49649,,Legacy,,,,,,,BR|LP_BR|LP_RES,,,0
49650,cer_jup_jp35_sn_moscar_armory_unlock,0,0,125000,49948,,Legacy,,,,,,,BR|LP_BR|LP_RES,,,0
49651,cer_jup_jp23_me_shotel_armory_unlock,0,0,125000,58371,,Legacy,,,,,,,BR|LP_BR|LP_RES,,,0
49652,cer_jup_cp01_sm_pcharlie9_armory_unlock,0,0,125000,57063,,Legacy,,,,,,,BR|LP_BR|LP_RES,,,0
49653,cer_jup_jp38_sh_spapa12_armory_unlock,0,0,125000,58072,,Legacy,,,,,,,BR|LP_BR|LP_RES,,,0
49654,cer_jup_jp37_dm_kappa98_armory_unlock,0,0,125000,58297,,Legacy,,,,,,,BR|LP_BR|LP_RES,,,0
49655,cer_jup_jp44_ar_stango44_armory_unlock,0,0,125000,60287,,Legacy,,,,,,,BR|LP_BR|LP_RES,,,0
49656,cer_jup_jp23_me_spear_armory_unlock,0,0,125000,60626,,Legacy,,,,,,,BR|LP_BR|LP_RES,,,0
49657,cer_jup_jp31_dm_compound_armory_unlock,0,0,125000,48518,,Legacy,,,,,,,BR|LP_BR|LP_RES,,,0
49658,cer_jup_jp41_sm_kpappa50_armory_unlock,0,0,125000,58665,,Legacy,,,,,,,BR|LP_BR|LP_RES,,,0
50118,cer_jup_ammo_50p_tc_armory_unlock,0,0,75000,37030,,Legacy,,,,,,,BR|LP_BR|LP_RES,,,0
50119,cer_jup_ammo_500sw_hg_armory_unlock,0,0,75000,37033,,Legacy,,,,,,,BR|LP_BR|LP_RES,,,0
50120,cer_jup_ammo_500sw_lg_armory_unlock,0,0,75000,37032,,Legacy,,,,,,,BR|LP_BR|LP_RES,,,0
50121,cer_jup_ammo_500sw_rip_armory_unlock,0,0,75000,37035,,Legacy,,,,,,,BR|LP_BR|LP_RES,,,0
50122,cer_jup_ammo_500sw_tc_armory_unlock,0,0,75000,37034,,Legacy,,,,,,,BR|LP_BR|LP_RES,,,0
50124,cer_jup_comp_sm_14_armory_unlock,0,0,75000,49191,,Legacy,,,,,,,BR|LP_BR|LP_RES,,,0
50126,cer_stock_sm_p09_armory_unlock,0,0,75000,1926,,Legacy,,,,,,,BR|LP_BR|LP_RES,,,0
50127,cer_ub_gl_drill_scharlie_armory_unlock,0,0,75000,24711,,Legacy,,,,,,,BR|LP_BR|LP_RES,,,0
50128,cer_ub_sh01_db_armory_unlock,0,0,75000,34377,,Legacy,,,,,,,BR|LP_BR|LP_RES,,,0
50131,cer_jup_ammo_762n_rn_armory_unlock,0,0,75000,29387,,Legacy,,,,,,,BR|LP_BR|LP_RES,,,0
50132,cer_jup_ammo_762n_xp_armory_unlock,0,0,75000,29388,,Legacy,,,,,,,BR|LP_BR|LP_RES,,,0
50133,cer_jup_ammo_blk_lg_armory_unlock,0,0,75000,29434,,Legacy,,,,,,,BR|LP_BR|LP_RES,,,0
50134,cer_jup_ammo_blk_hg_armory_unlock,0,0,75000,29435,,Legacy,,,,,,,BR|LP_BR|LP_RES,,,0
50135,cer_jup_ammo_blk_rn_armory_unlock,0,0,75000,29436,,Legacy,,,,,,,BR|LP_BR|LP_RES,,,0
50136,cer_jup_ammo_blk_xp_armory_unlock,0,0,75000,29437,,Legacy,,,,,,,BR|LP_BR|LP_RES,,,0
50137,cer_ub_gl_drill_mini_armory_unlock,0,0,75000,24710,,Legacy,,,,,,,BR|LP_BR|LP_RES,,,0
50140,cer_ub_gl_drill_akilo_armory_unlock,0,0,75000,24709,,Legacy,,,,,,,BR|LP_BR|LP_RES,,,0
50141,cer_snscope03_armory_unlock,0,0,75000,11631,,Legacy,,,,,,,BR|LP_BR|LP_RES,,,0
50142,cer_snscope02_armory_unlock,0,0,75000,11632,,Legacy,,,,,,,BR|LP_BR|LP_RES,,,0
50143,cer_snscope06_armory_unlock,0,0,75000,31574,,Legacy,,,,,,,BR|LP_BR|LP_RES,,,0
50144,cer_snscope_vz01_armory_unlock,0,0,75000,1425,,Legacy,,,,,,,BR|LP_BR|LP_RES,,,0
50147,cer_trigger_heavy_p14_armory_unlock,0,0,75000,38858,,Legacy,,,,,,,BR|LP_BR|LP_RES,,,0
50148,cer_jup_ammo_338nm_rn_armory_unlock,0,0,75000,37029,,Legacy,,,,,,,BR|LP_BR|LP_RES,,,0
50149,cer_bar_lm_short_p17_armory_unlock,0,0,75000,1647,,Legacy,,,,,,,BR|LP_BR|LP_RES,,,0
50150,cer_pgrip_ass_p42_armory_unlock,0,0,75000,23551,,Legacy,,,,,,,BR|LP_BR|LP_RES,,,0
50151,cer_akimbo_tango9_armory_unlock,0,0,75000,24594,,Legacy,,,,,,,BR|LP_BR|LP_RES,,,0
50152,cer_jup_ub_sh_12g_01_armory_unlock,0,0,75000,23416,,Legacy,,,,,,,BR|LP_BR|LP_RES,,,0
50155,cer_jup_ammo_556n_op_armory_unlock,0,0,75000,26669,,Legacy,,,,,,,BR|LP_BR|LP_RES,,,0
50156,cer_jup_uzulu_grip_vert_armory_unlock,0,0,75000,22639,,Legacy,,,,,,,BR|LP_BR|LP_RES,,,0
50158,cer_jup_ammo_762r_fr_armory_unlock,0,0,75000,23892,,Legacy,,,,,,,BR|LP_BR|LP_RES,,,0
50159,cer_jup_ammo_762r_hp_armory_unlock,0,0,75000,23893,,Legacy,,,,,,,BR|LP_BR|LP_RES,,,0
50160,cer_jup_ammo_762r_ap_armory_unlock,0,0,75000,23895,,Legacy,,,,,,,BR|LP_BR|LP_RES,,,0
50161,cer_jup_ammo_762r_op_armory_unlock,0,0,75000,23896,,Legacy,,,,,,,BR|LP_BR|LP_RES,,,0
50162,cer_jup_ammo_762r_hv_armory_unlock,0,0,75000,23897,,Legacy,,,,,,,BR|LP_BR|LP_RES,,,0
50164,cer_jup_ammo_338lp_fr_armory_unlock,0,0,75000,36912,,Legacy,,,,,,,BR|LP_BR|LP_RES,,,0
50165,cer_jup_ammo_338lp_ap_armory_unlock,0,0,75000,36913,,Legacy,,,,,,,BR|LP_BR|LP_RES,,,0
50166,cer_jup_ammo_338lp_hp_armory_unlock,0,0,75000,36914,,Legacy,,,,,,,BR|LP_BR|LP_RES,,,0
50167,cer_jup_ammo_338lp_op_armory_unlock,0,0,75000,36915,,Legacy,,,,,,,BR|LP_BR|LP_RES,,,0
50168,cer_jup_ammo_338lp_db_armory_unlock,0,0,75000,36916,,Legacy,,,,,,,BR|LP_BR|LP_RES,,,0
50169,cer_jup_ammo_338lp_rn_armory_unlock,0,0,75000,36928,,Legacy,,,,,,,BR|LP_BR|LP_RES,,,0
50170,cer_jup_ammo_127_tc_armory_unlock,0,0,75000,37001,,Legacy,,,,,,,BR|LP_BR|LP_RES,,,0
50171,cer_jup_ammo_127_rip_armory_unlock,0,0,75000,37002,,Legacy,,,,,,,BR|LP_BR|LP_RES,,,0
50172,cer_jup_ammo_127_ss_armory_unlock,0,0,75000,37003,,Legacy,,,,,,,BR|LP_BR|LP_RES,,,0
50173,cer_jup_ammo_450b_fr_armory_unlock,0,0,75000,24004,,Legacy,,,,,,,BR|LP_BR|LP_RES,,,0
50174,cer_jup_ammo_450b_hp_armory_unlock,0,0,75000,24005,,Legacy,,,,,,,BR|LP_BR|LP_RES,,,0
50175,cer_jup_ammo_450b_ap_armory_unlock,0,0,75000,24007,,Legacy,,,,,,,BR|LP_BR|LP_RES,,,0
50176,cer_jup_ammo_450b_op_armory_unlock,0,0,75000,24008,,Legacy,,,,,,,BR|LP_BR|LP_RES,,,0
50177,cer_jup_ammo_450b_hv_armory_unlock,0,0,75000,24009,,Legacy,,,,,,,BR|LP_BR|LP_RES,,,0
50178,cer_jup_ammo_277f_hv_armory_unlock,0,0,75000,23887,,Legacy,,,,,,,BR|LP_BR|LP_RES,,,0
50179,cer_jup_ammo_58h_hp_armory_unlock,0,0,75000,23927,,Legacy,,,,,,,BR|LP_BR|LP_RES,,,0
50180,cer_jup_ammo_44mm_slug_armory_unlock,0,0,75000,56494,,Legacy,,,,,,,BR|LP_BR|LP_RES,,,0
50181,cer_jup_ammo_44mm_sticky_armory_unlock,0,0,75000,56495,,Legacy,,,,,,,BR|LP_BR|LP_RES,,,0
50182,cer_jup_ammo_44mm_drill_armory_unlock,0,0,75000,56738,,Legacy,,,,,,,BR|LP_BR|LP_RES,,,0
50185,cer_jup_ammo_792_fr_armory_unlock,0,0,75000,66348,,Legacy,,,,,,,BR|LP_BR|LP_RES,,,0
50186,cer_jup_ammo_792_hp_armory_unlock,0,0,75000,66350,,Legacy,,,,,,,BR|LP_BR|LP_RES,,,0
50187,cer_jup_ammo_792_ap_armory_unlock,0,0,75000,66346,,Legacy,,,,,,,BR|LP_BR|LP_RES,,,0
50188,cer_jup_ammo_792_op_armory_unlock,0,0,75000,66353,,Legacy,,,,,,,BR|LP_BR|LP_RES,,,0
50189,cer_jup_ammo_792_hv_armory_unlock,0,0,75000,66351,,Legacy,,,,,,,BR|LP_BR|LP_RES,,,0
50190,cer_jup_ammo_792_db_armory_unlock,0,0,75000,66347,,Legacy,,,,,,,BR|LP_BR|LP_RES,,,0
