1,36115,cer_battlepass_token_purchase_1
2,36116,cer_battlepass_token_purchase_2
3,36117,cer_battlepass_token_purchase_3
4,36118,cer_battlepass_token_purchase_4
5,36119,cer_battlepass_token_purchase_5
6,36120,cer_battlepass_token_purchase_6
7,36121,cer_battlepass_token_purchase_7
8,36122,cer_battlepass_token_purchase_8
9,36123,cer_battlepass_token_purchase_9
10,36124,cer_battlepass_token_purchase_10
11,36125,cer_battlepass_token_purchase_11
12,36126,cer_battlepass_token_purchase_12
13,36127,cer_battlepass_token_purchase_13
14,36128,cer_battlepass_token_purchase_14
15,36129,cer_battlepass_token_purchase_15
16,36130,cer_battlepass_token_purchase_16
17,36131,cer_battlepass_token_purchase_17
18,36132,cer_battlepass_token_purchase_18
19,36133,cer_battlepass_token_purchase_19
20,36134,cer_battlepass_token_purchase_20
21,36135,cer_battlepass_token_purchase_21
22,36136,cer_battlepass_token_purchase_22
23,36137,cer_battlepass_token_purchase_23
24,36138,cer_battlepass_token_purchase_24
25,36139,cer_battlepass_token_purchase_25
26,36140,cer_battlepass_token_purchase_26
27,36141,cer_battlepass_token_purchase_27
28,36142,cer_battlepass_token_purchase_28
29,36143,cer_battlepass_token_purchase_29
30,36144,cer_battlepass_token_purchase_30
31,36145,cer_battlepass_token_purchase_31
32,36146,cer_battlepass_token_purchase_32
33,36147,cer_battlepass_token_purchase_33
34,36148,cer_battlepass_token_purchase_34
35,36149,cer_battlepass_token_purchase_35
36,36150,cer_battlepass_token_purchase_36
37,36151,cer_battlepass_token_purchase_37
38,36152,cer_battlepass_token_purchase_38
39,36153,cer_battlepass_token_purchase_39
40,36154,cer_battlepass_token_purchase_40
41,36155,cer_battlepass_token_purchase_41
42,36156,cer_battlepass_token_purchase_42
43,36157,cer_battlepass_token_purchase_43
44,36158,cer_battlepass_token_purchase_44
45,36159,cer_battlepass_token_purchase_45
46,36160,cer_battlepass_token_purchase_46
47,36161,cer_battlepass_token_purchase_47
48,36162,cer_battlepass_token_purchase_48
49,36163,cer_battlepass_token_purchase_49
50,36164,cer_battlepass_token_purchase_50
51,36165,cer_battlepass_token_purchase_51
52,36166,cer_battlepass_token_purchase_52
53,36167,cer_battlepass_token_purchase_53
54,36168,cer_battlepass_token_purchase_54
55,36169,cer_battlepass_token_purchase_55
56,36170,cer_battlepass_token_purchase_56
57,36171,cer_battlepass_token_purchase_57
58,36172,cer_battlepass_token_purchase_58
59,36173,cer_battlepass_token_purchase_59
60,36174,cer_battlepass_token_purchase_60
61,36175,cer_battlepass_token_purchase_61
62,36176,cer_battlepass_token_purchase_62
63,36177,cer_battlepass_token_purchase_63
64,36178,cer_battlepass_token_purchase_64
65,36179,cer_battlepass_token_purchase_65
66,36180,cer_battlepass_token_purchase_66
67,36181,cer_battlepass_token_purchase_67
68,36182,cer_battlepass_token_purchase_68
69,36183,cer_battlepass_token_purchase_69
70,36184,cer_battlepass_token_purchase_70
71,36185,cer_battlepass_token_purchase_71
72,36186,cer_battlepass_token_purchase_72
73,36187,cer_battlepass_token_purchase_73
74,36188,cer_battlepass_token_purchase_74
75,36189,cer_battlepass_token_purchase_75
76,36190,cer_battlepass_token_purchase_76
77,36191,cer_battlepass_token_purchase_77
78,36192,cer_battlepass_token_purchase_78
79,36193,cer_battlepass_token_purchase_79
80,36194,cer_battlepass_token_purchase_80
81,36195,cer_battlepass_token_purchase_81
82,36196,cer_battlepass_token_purchase_82
83,36197,cer_battlepass_token_purchase_83
84,36198,cer_battlepass_token_purchase_84
85,36199,cer_battlepass_token_purchase_85
86,36200,cer_battlepass_token_purchase_86
87,36201,cer_battlepass_token_purchase_87
88,36202,cer_battlepass_token_purchase_88
89,36203,cer_battlepass_token_purchase_89
90,36204,cer_battlepass_token_purchase_90
91,36205,cer_battlepass_token_purchase_91
92,36206,cer_battlepass_token_purchase_92
93,36207,cer_battlepass_token_purchase_93
94,36208,cer_battlepass_token_purchase_94
95,36209,cer_battlepass_token_purchase_95
96,36210,cer_battlepass_token_purchase_96
97,36211,cer_battlepass_token_purchase_97
98,36212,cer_battlepass_token_purchase_98
99,36213,cer_battlepass_token_purchase_99
100,36214,cer_battlepass_token_purchase_100
