include,omnvars/mp/omnvars_scorestreaks.csv,,,,,,
include,omnvars/mp/omnvars_team_revive.csv,,,,,,
include,omnvars/mp/omnvars_no_respawn_warning.csv,,,,,,
include,omnvars/mp/omnvars_team_status_lives.csv,,,,,,
include,omnvars/mp/omnvars_team_status_zones.csv,,,,,,
include,omnvars/feature/omnvars_forfeit.csv,,,,,,
ui_num_dom_flags,1,,g,i,3,0,5
ui_segment_captured,1,,c,i,0,0,3
ui_control_axis_defending,1,,g,i,0,0,1
ui_objective_destroyed_a,1,,g,b,0,0,1
ui_objective_destroyed_b,1,,g,b,0,0,1
ui_objective_destroyed_c,1,,g,b,0,0,1
ui_objective_destroyed_d,1,,g,b,0,0,1
ui_objective_destroyed_e,1,,g,b,0,0,1
